,25Mg,55Mn,59Co,60Ni,65Cu,66Zn,88Sr,90Zr,93Nb,95Mo,107Ag,109Ag,139La,140Ce,141Pr,143Nd,146Nd,147Sm,149Sm,153Eu,157Gd,159Tb,182W,206Pb,208Pb,232Th,238U,natural_class_proba
0,0.0,1.714,0.0,0.0,0.0,0.0,7.4479999999999995,0.662,0.0,0.019,0.0,0.0,11.657,20.851999999999997,3.319,0.8140000000000001,2.1,0.0,0.0,0.0,0.0,0.0,0.171,0.0,0.314,0.0,0.0,0.9999999999995686
1,0.0,0.0,0.49,0.0,0.0,0.0,0.833,0.41,0.0,0.0,3.338,0.0,3.295,9.924,0.0,0.0,1.238,0.633,0.0,0.705,0.0,0.0,1.429,0.0,0.0,0.0,0.0,0.9999996127104124
2,0.662,3.1,0.762,0.0,0.376,2.319,0.5329999999999999,1.21,0.0,0.0,0.0,0.0,40.19,21.895,4.79,1.2670000000000001,3.8289999999999997,0.35200000000000004,0.371,0.44799999999999995,0.0,0.29,0.7290000000000001,5.395,12.057,2.895,0.0,0.9999999999999996
3,0.0,0.0,0.0,0.0,0.0,0.976,3.076,0.0,0.0,0.0,0.214,0.0,13.470999999999998,15.738,2.576,1.2670000000000001,0.843,0.0,0.0,0.0,0.0,0.0,0.0,0.0,0.614,0.0,0.0,0.9999999999999973
4,0.0,0.0,1.881,0.0,0.0,0.69,7.643,1.776,0.0,0.0,1.8619999999999999,0.0,36.804,58.023,4.676,1.21,1.867,0.395,4.862,0.0,2.138,1.167,0.22899999999999998,4.229,2.995,12.709000000000001,0.0,0.9999999999601277
5,0.0,2.248,2.59,0.833,0.0,0.0,1.49,1.9809999999999999,0.371,0.0,0.0,0.857,1.605,10.962,1.39,0.0,0.17600000000000002,0.0,0.0,0.0,0.867,0.0,0.0,0.0,0.0,1.038,0.0,0.9999999323563132
6,0.5670000000000001,1.048,0.0,0.0,2.076,0.0,2.5669999999999997,2.186,0.0,1.605,0.0,0.0,18.762,16.319000000000003,1.605,1.7480000000000002,2.081,0.61,0.0,0.0,0.0,1.071,0.0,8.181000000000001,5.7379999999999995,0.0,0.9520000000000001,0.9999999999999964
7,0.0,0.0,0.0,0.0,1.2429999999999999,0.0,3.895,5.038,0.0,0.0,0.0,0.0,19.866,11.962,3.148,0.0,2.862,0.386,0.0,0.59,0.0,0.0,2.3,2.633,0.0,0.8140000000000001,0.0,0.9999999999999802
8,0.943,0.0,0.0,0.0,0.32899999999999996,0.0,40.647,5.767,0.638,2.59,1.024,0.0,31.814,100.242,7.224,3.7,10.280999999999999,0.0,1.5330000000000001,0.0,3.367,0.7140000000000001,0.0,0.6859999999999999,0.462,3.5860000000000003,0.0,0.999999999527692
9,1.61,0.0,0.848,0.462,0.0,0.0,0.0,6.881,0.0,0.0,0.33799999999999997,1.119,9.452,23.638,4.819,0.0,1.795,1.5190000000000001,0.0,1.119,0.0,1.9,0.562,3.429,1.443,5.876,0.0,0.9999999999990989
10,0.0,0.0,0.433,1.324,0.0,0.0,7.438,4.171,0.0,1.871,0.0,0.0,14.280999999999999,27.256999999999998,4.986000000000001,4.0089999999999995,0.705,1.643,0.0,0.0,0.0,0.0,0.0,0.0,0.0,0.0,0.795,0.999999999981686
11,0.0,0.0,0.0,0.21,0.0,0.462,7.19,3.9189999999999996,2.9619999999999997,0.0,0.0,0.0,12.937999999999999,22.5,0.0,0.0,4.705,0.0,1.895,0.0,0.0,1.962,0.0,0.295,2.386,1.9380000000000002,2.329,0.9999999999999998
15,1.686,0.919,0.28600000000000003,0.0,0.0,0.7,16.043,0.0,0.524,1.929,1.59,0.0,23.581,50.161,2.233,0.0,1.181,0.0,0.0,1.643,1.048,0.0,0.0,0.0,2.2,0.595,0.0,0.9999999911765493
16,0.0,0.0,0.0,1.476,0.0,1.281,1.005,4.7860000000000005,0.0,0.0,2.286,0.0,5.281000000000001,13.433,0.8759999999999999,0.0,0.0,0.0,0.0,0.8140000000000001,0.0,0.0,0.314,0.0,0.0,0.0,0.605,0.9999999915719463
17,0.0,0.7140000000000001,0.0,1.081,0.0,0.0,10.962,1.8330000000000002,0.0,0.743,0.0,0.0,22.605,21.162,5.324,1.143,1.4480000000000002,0.0,2.205,0.0,0.7759999999999999,0.0,0.519,0.0,1.857,4.895,0.0,0.9999999999999987
19,0.0,1.081,0.0,0.0,0.0,1.8619999999999999,3.4810000000000003,4.338,0.0,0.0,0.0,0.0,1.71,6.824,1.5330000000000001,3.533,0.9620000000000001,0.0,1.171,0.0,0.233,0.0,2.957,0.0,1.629,0.0,0.0,0.999999999999786
20,0.8190000000000001,0.0,0.895,0.0,0.305,0.0,3.0,0.595,0.0,0.0,0.0,0.0,1.0859999999999999,9.814,1.5619999999999998,2.19,0.0,2.424,0.0,4.271,0.157,1.8430000000000002,0.0,0.0,1.881,0.157,0.0,0.9999999988989718
22,1.538,0.0,0.948,0.0,0.0,0.0,2.4290000000000003,2.086,1.062,0.0,1.067,0.0,15.905,26.004,10.457,6.324,0.843,2.1,0.0,0.0,0.0,0.371,0.0,1.724,1.7480000000000002,0.0,1.429,0.999999999999623
23,1.452,1.733,0.0,0.0,3.924,0.938,0.0,1.3,0.0,0.0,0.833,0.0,2.8760000000000003,6.247999999999999,0.795,0.7190000000000001,0.486,0.0,0.81,0.0,0.0,0.0,0.319,5.471,0.733,0.0,0.0,0.9999999998248659
24,0.0,0.0,0.0,0.0,0.0,0.0,4.748,0.929,0.0,1.238,0.0,0.0,12.409,18.995,0.0,0.0,2.648,1.605,0.0,2.0669999999999997,0.69,0.0,2.352,0.9570000000000001,0.0,2.49,0.0,0.9999999999726787
25,0.0,1.743,0.0,0.0,1.148,1.5330000000000001,10.79,1.676,0.0,0.0,1.162,0.429,3.9189999999999996,14.6,3.5669999999999997,2.086,2.7089999999999996,0.0,0.0,0.0,0.0,0.0,1.6669999999999998,0.586,2.09,0.91,0.271,0.9999999999999987
26,1.081,0.838,0.0,0.0,1.662,0.0,2.452,1.671,0.0,0.8290000000000001,0.0,0.0,2.9760000000000004,7.062,0.386,0.0,2.667,0.7190000000000001,0.924,0.0,0.0,0.0,0.0,0.7190000000000001,0.0,1.5430000000000001,0.19,0.9999999999998415
28,0.0,2.195,0.0,0.0,0.0,1.5,5.414,0.0,0.0,0.0,0.0,0.0,1.776,5.919,0.0,0.0,0.0,0.0,0.0,0.0,0.0,0.0,0.0,0.552,0.0,0.0,0.257,0.9999999999996827
29,0.01,1.367,0.0,0.5710000000000001,0.0,0.0,2.509,1.514,1.281,0.0,0.0,0.0,0.895,8.405,1.248,3.562,0.0,0.281,3.929,0.0,0.9570000000000001,3.971,0.0,0.214,1.629,2.133,1.067,0.9999999996933324
30,0.0,0.0,0.0,0.0,0.0,0.0,5.686,3.995,1.176,0.0,0.0,0.0,11.081,6.542999999999999,1.3519999999999999,2.576,2.0,0.895,0.905,0.267,0.0,0.0,0.0,4.7330000000000005,0.0,4.657,0.5760000000000001,0.9999999999999996
31,0.0,0.0,0.0,0.0,0.9570000000000001,0.205,3.486,2.6519999999999997,0.0,1.59,1.262,0.105,32.571,44.657,3.638,0.0,1.8519999999999999,0.0,0.862,0.0,0.0,0.619,0.0,0.6809999999999999,2.267,1.319,2.181,0.999999999979251
32,0.0,2.233,0.0,0.124,0.81,0.0,21.885,4.905,0.0,0.0,0.0,0.0,35.019,65.68,7.657,4.252,0.0,0.657,2.024,0.0,0.619,0.33299999999999996,0.0,2.209,10.862,5.614,0.0,0.9999999999868905
33,2.333,0.748,1.376,0.971,0.462,0.0,3.486,1.31,0.0,0.0,0.0,0.0,2.805,7.481,1.976,0.0,0.0,0.0,0.0,1.295,0.0,0.0,0.271,0.0,2.8139999999999996,0.757,0.0,0.9999999999998452
34,0.0,0.0,0.0,0.0,0.0,0.21,0.529,1.905,0.0,0.857,0.0,0.0,8.1,6.69,2.805,0.0,0.0,0.0,1.724,0.762,0.0,0.0,0.0,0.429,2.99,1.7380000000000002,0.9520000000000001,0.9999999999999962
35,0.0,0.852,0.0,0.0,0.0,0.0,7.814,1.314,0.0,0.0,0.0,1.148,5.9670000000000005,11.314,0.8759999999999999,1.4809999999999999,1.195,3.362,0.6,1.081,0.0,0.0,0.0,0.0,0.614,2.024,0.0,0.9999999999999998
36,2.49,0.7709999999999999,0.0,2.224,0.0,2.076,5.005,0.767,0.0,0.0,0.0,0.0,8.427999999999999,8.019,0.0,0.0,3.162,0.795,1.49,0.0,0.0,0.48100000000000004,0.0,1.2670000000000001,4.314,0.32899999999999996,0.743,0.9999999999999998
37,0.0,1.295,0.0,0.0,0.0,0.0,0.7290000000000001,0.043,0.0,0.0,0.0,0.0,1.8330000000000002,7.938,0.0,0.0,0.9670000000000001,0.0,0.0,2.8710000000000004,0.0,0.429,1.4709999999999999,3.6519999999999997,0.0,2.033,0.0,0.9999999992542774
38,0.0,0.0,0.48100000000000004,0.0,0.0,0.0,0.0,2.6430000000000002,0.0,0.0,0.0,0.0,3.0669999999999997,12.571,4.043,1.5519999999999998,0.8,0.0,0.0,0.0,0.0,0.0,1.329,2.209,0.8240000000000001,0.871,0.0,0.9999999999918661
39,4.586,0.32899999999999996,0.0,0.662,0.0,0.948,1.9480000000000002,4.567,0.0,0.0,0.0,0.0,0.0,5.895,0.971,0.0,0.0,0.5329999999999999,0.0,0.0,1.3430000000000002,0.0,0.0,0.943,0.0,0.0,1.195,0.999999947749966
40,0.0,0.0,0.0,0.0,0.0,1.2670000000000001,0.0,5.038,0.0,1.8430000000000002,0.14300000000000002,1.01,0.0,6.676,0.0,0.0,0.0,0.0,0.0,0.0,0.0,0.0,1.0190000000000001,0.0,1.681,0.0,0.0,0.9999999715908853
41,0.0,0.581,0.5429999999999999,1.69,0.0,0.0,2.762,0.976,0.0,0.805,2.533,0.6,0.624,6.519,0.0,0.0,0.0,0.514,0.0,0.0,0.0,0.0,0.0,1.219,1.176,0.667,1.0190000000000001,0.999999991613404
44,2.5380000000000003,1.195,0.0,0.0,0.0,0.0,0.0,1.619,0.0,0.0,0.0,0.0,0.0,8.557,0.0,1.033,0.0,0.0,0.0,0.0,0.0,0.0,0.34299999999999997,0.0,2.019,0.8809999999999999,0.0,0.9999997650949061
45,0.0,1.3519999999999999,0.424,0.0,0.0,0.0,1.286,0.495,0.0,0.0,1.148,0.0,5.4239999999999995,12.770999999999999,2.519,1.338,0.0,0.0,0.0,0.0,0.0,0.7859999999999999,0.0,0.733,0.0,0.0,3.4810000000000003,0.9999999999939031
47,0.0,0.0,0.0,0.0,0.0,0.7290000000000001,2.138,0.8240000000000001,0.695,0.319,0.0,0.295,5.152,8.448,9.795,2.224,0.0,0.976,0.0,0.0,0.0,0.0,0.0,1.986,4.781000000000001,1.643,0.0,0.9999999999999998
49,0.0,1.7,1.105,1.676,0.005,0.0,21.176,0.0,0.0,0.0,0.0,0.0,25.904,27.695,11.067,2.4290000000000003,2.833,0.0,0.0,0.0,0.0,0.7709999999999999,0.0,6.152,3.343,0.767,1.91,1.0
50,0.0,0.0,1.3519999999999999,1.557,0.8290000000000001,0.0,2.6710000000000003,3.109,0.0,0.0,0.0,0.0,3.0380000000000003,8.967,1.081,0.514,2.719,0.0,0.0,0.0,0.0,0.0,1.124,0.0,0.0,0.386,0.0,0.999999999961348
51,1.886,7.7860000000000005,0.0,1.49,1.124,0.0,1.8430000000000002,7.186,0.0,0.0,0.0,1.381,5.9,16.69,0.743,0.214,2.986,0.943,0.0,0.0,0.0,0.0,0.0,0.89,6.324,0.705,0.852,0.9999999999999682
52,0.0,1.686,0.0,0.0,0.848,1.295,10.427999999999999,8.29,0.0,0.0,0.314,0.0,17.695,64.575,6.2379999999999995,4.486000000000001,8.628,3.09,1.5290000000000001,0.848,1.167,2.562,0.44799999999999995,3.89,8.148,0.9570000000000001,0.0,0.9999999999981524
53,0.49,0.0,0.5379999999999999,0.0,0.0,0.0,9.157,1.286,0.643,0.0,0.0,0.0,1.162,12.642999999999999,1.262,0.0,0.0,0.0,0.0,0.705,1.024,0.0,0.457,1.005,2.176,0.848,0.0,0.9999999997271807
54,0.0,0.0,0.0,0.0,0.0,0.0,1.429,4.686,0.0,0.0,1.324,0.0,0.738,10.370999999999999,0.0,0.0,3.3760000000000003,0.0,0.0,0.0,0.0,0.0,0.0,2.714,3.9760000000000004,1.176,0.7190000000000001,0.9999999987744952
55,0.0,0.386,0.8240000000000001,0.0,0.5670000000000001,0.0,2.267,4.5569999999999995,0.0,0.0,0.0,0.4,6.314,11.095,0.0,0.938,0.467,2.2,0.0,0.0,0.0,0.0,0.0,3.0380000000000003,1.252,0.581,0.0,0.9999999999999785
56,1.119,0.833,0.838,1.662,0.0,2.6430000000000002,4.205,4.419,0.0,1.286,0.0,0.0,2.505,8.952,1.038,0.4,0.0,0.0,0.848,0.0,0.0,0.0,0.0,0.638,0.29,3.0189999999999997,0.0,0.9999999999954301
58,2.024,0.0,0.0,1.429,1.505,2.271,5.747999999999999,3.386,0.0,0.0,0.0,0.0,8.219,12.776,0.0,3.395,0.0,0.0,0.0,0.038,0.0,0.0,0.0,0.0,0.9620000000000001,0.0,0.495,0.9999999999999958
59,1.338,0.0,0.0,0.0,0.9329999999999999,0.129,0.0,10.409,0.0,0.0,0.0,0.0,20.024,18.452,4.352,0.44799999999999995,0.638,0.257,0.0,0.0,1.41,0.0,0.0,0.0,1.005,2.714,0.0,0.9999999999195064
60,0.0,0.0,1.371,0.3,0.0,0.0,3.529,11.732999999999999,1.0,0.7,0.0,0.0,4.538,12.59,0.976,0.0,0.7290000000000001,0.0,0.0,0.0,1.476,1.629,0.0,1.9,1.633,0.0,1.262,0.9999999999908151
61,1.6,2.076,0.0,0.0,1.676,2.6710000000000003,0.648,7.343,0.0,0.0,0.0,0.28600000000000003,0.633,6.962000000000001,0.0,0.0,0.61,0.0,0.0,0.0,0.0,0.667,0.0,0.0,2.052,1.876,0.0,0.9999999998096327
62,0.0,0.0,0.0,0.29,0.0,0.043,2.11,2.238,0.0,0.0,0.0,0.233,15.219000000000001,10.262,0.0,0.0,4.133,0.0,1.5759999999999998,0.0,0.0,0.0,0.857,3.0810000000000004,4.029,0.733,0.371,0.9999999999999998
65,0.0,1.5430000000000001,0.0,0.0,0.0,1.686,24.951999999999998,9.743,0.0,0.0,0.0,0.0,56.20399999999999,129.81799999999998,11.732999999999999,14.280999999999999,9.657,2.7289999999999996,5.5,1.048,2.495,0.0,0.076,1.524,0.0,19.962,0.0,0.9999999907598301
66,0.0,0.0,0.8240000000000001,0.833,0.0,0.0,0.0,16.519000000000002,0.0,0.0,0.0,0.376,2.352,9.328,0.47100000000000003,0.0,0.0,0.0,0.0,0.0,0.0,0.0,0.0,1.39,0.0,2.609,1.595,0.9999999945141975
67,1.633,0.0,0.0,0.867,0.0,0.0,12.914000000000001,10.370999999999999,0.0,0.0,0.0,2.6289999999999996,9.371,9.338,3.252,0.33299999999999996,1.2429999999999999,1.824,0.0,0.0,0.0,1.743,0.319,0.0,3.386,1.614,0.0,0.9999999999999998
68,0.0,0.619,1.771,0.0,2.176,0.0,1.433,3.0380000000000003,0.0,0.0,0.0,0.0,6.881,6.895,0.0,0.638,0.0,0.0,0.071,0.0,0.0,0.0,0.0,1.119,1.338,1.933,0.0,0.9999999999996607
70,0.0,0.0,0.0,0.36200000000000004,0.452,0.0,1.952,1.724,2.505,0.0,0.314,3.6189999999999998,8.676,23.570999999999998,3.6239999999999997,1.652,5.343,0.0,0.0,0.0,0.0,0.0,0.052000000000000005,0.0,0.0,1.4569999999999999,0.019,0.9999999999996092
72,0.629,1.271,0.0,1.09,0.0,2.0140000000000002,7.671,6.852,0.0,0.0,0.0,0.0,9.495,14.328,0.0,0.0,0.0,0.0,0.0,0.0,0.0,0.0,0.0,0.0,0.0,0.7759999999999999,0.41,0.9999999999995237
73,0.0,0.371,0.0,1.4140000000000001,0.0,2.162,4.252,11.647,0.629,0.0,0.0,1.0759999999999998,1.2429999999999999,5.933,1.9,0.0,0.0,0.0,2.733,0.0,0.0,0.0,0.0,0.0,1.119,0.0,0.0,0.9999999999990543
74,0.0,4.376,0.0,0.0,1.1520000000000001,1.9,8.527999999999999,5.671,0.0,0.0,0.0,0.0,4.505,13.975999999999999,2.314,0.0,0.0,0.0,0.0,0.0,3.252,0.0,0.857,0.0,1.071,0.0,0.0,0.9999999999852944
76,0.0,0.0,1.3330000000000002,0.0,0.0,0.0,1.114,10.105,0.0,0.0,0.0,1.224,15.005,24.756999999999998,5.513999999999999,3.105,1.276,0.0,0.0,0.662,0.0,0.35200000000000004,0.0,0.0,0.281,1.571,4.0,0.9999999999991036
77,0.0,0.0,0.0,0.71,2.905,2.7569999999999997,5.0569999999999995,5.281000000000001,0.0,0.795,1.895,0.0,9.937999999999999,19.105,1.581,0.0,2.8289999999999997,0.0,0.0,0.0,1.4480000000000002,0.5479999999999999,0.0,0.0,2.4859999999999998,2.019,0.424,0.9999999999407312
78,0.0,2.609,1.2670000000000001,0.948,0.0,0.0,14.209000000000001,16.19,0.0,0.0,2.043,0.0,23.951999999999998,17.076,0.0,1.3330000000000002,0.0,0.0,0.0,1.157,0.0,0.0,0.0,0.0,1.5190000000000001,1.89,0.0,0.9999999999994917
79,0.0,2.4,0.4,0.0,0.5670000000000001,1.4669999999999999,8.619,12.138,0.0,0.281,0.0,0.0,24.304000000000002,28.928,3.543,1.5759999999999998,1.324,0.0,0.0,0.0,0.31,0.0,0.0,0.0,0.0,0.0,2.271,0.9999999999926745
80,0.833,4.071000000000001,1.052,0.0,1.4569999999999999,0.5379999999999999,21.776,5.062,0.0,0.0,0.0,0.0,44.708999999999996,80.851,7.081,4.662,6.242999999999999,0.0,0.7190000000000001,3.6430000000000002,0.0,0.0,0.0,2.886,4.257,6.2860000000000005,0.0,0.9999999999999534
81,0.419,0.0,0.467,0.0,0.0,0.0,1.0759999999999998,9.648,0.0,0.0,0.0,0.705,5.376,10.662,0.0,0.0,2.6239999999999997,0.0,0.0,0.0,1.8,0.524,1.805,0.5479999999999999,1.5759999999999998,0.514,0.0,0.9999999999998925
82,0.0,0.0,0.0,0.0,0.0,0.586,0.0,18.157,0.0,0.0,0.0,0.0,10.024,23.5,1.619,0.5670000000000001,0.91,0.0,1.367,0.0,0.0,1.905,0.0,1.619,3.443,0.7759999999999999,4.367,0.9999999999998617
83,0.0,0.0,0.0,0.0,0.0,0.976,0.36700000000000005,10.0,0.0,0.0,0.738,0.0,0.6859999999999999,7.781000000000001,0.581,0.0,1.5330000000000001,0.0,0.0,0.0,0.0,1.095,0.0,1.9,3.2430000000000003,0.705,5.195,0.999999999848532
84,0.562,0.895,0.0,0.0,0.0,0.848,12.114,12.614,0.0,0.0,0.0,0.748,17.680999999999997,23.624000000000002,3.681,3.576,5.276,0.49,1.9809999999999999,1.767,0.0,0.7190000000000001,0.0,0.31,1.024,1.486,0.0,1.0
85,0.0,0.6859999999999999,0.0,0.214,0.0,2.0380000000000003,0.6709999999999999,6.69,0.0,0.871,0.0,0.0,4.562,9.762,0.8190000000000001,0.0,0.0,0.0,0.0,0.0,0.0,0.0,1.429,2.376,3.6189999999999998,0.0,1.01,0.9999999999959708
86,0.0,2.1519999999999997,0.0,0.0,1.286,0.0,1.79,22.143,0.0,0.0,3.167,0.0,21.809,53.847,10.305,4.448,3.029,0.0,0.8140000000000001,0.16699999999999998,0.852,0.0,0.0,2.543,1.486,4.119,1.129,0.9999999998846447
87,0.0,0.0,1.119,0.0,0.0,1.49,6.405,24.519000000000002,0.0,0.0,1.114,0.0,19.824,40.809,0.0,1.033,0.9329999999999999,0.0,0.0,0.0,1.571,0.0,0.0,0.0,0.0,0.0,0.0,0.999999914027999
88,0.0,0.0,0.0,0.062,0.0,5.181,2.205,14.238,0.0,0.0,0.0,0.0,10.4,11.262,1.59,0.0,0.862,0.0,0.0,0.386,0.0,0.0,0.5760000000000001,2.5140000000000002,0.5379999999999999,2.09,0.795,0.999999999999998
90,1.695,0.552,0.0,0.643,0.0,0.5379999999999999,2.129,19.947,0.3,0.0,0.0,0.0,3.9619999999999997,11.605,1.867,1.286,0.0,0.0,0.124,0.386,0.938,0.0,0.0,4.138,0.0,0.0,0.0,0.9999999999829066
91,0.0,0.0,0.805,0.0,0.0,3.1430000000000002,0.0,11.39,0.0,0.0,0.0,0.938,15.686,14.671,1.805,0.0,1.881,1.01,0.743,0.22899999999999998,0.0,0.29,1.386,0.0,0.462,2.7239999999999998,0.0,0.9999999999997464
93,0.59,0.0,0.0,1.795,0.595,1.605,34.619,15.686,0.0,0.0,0.0,0.0,13.671,23.061999999999998,2.1,0.281,0.757,0.0,0.0,0.048,0.0,0.0,0.0,0.0,2.843,1.567,0.0,0.9999999999999989
95,2.648,3.9139999999999997,1.4809999999999999,4.371,0.0,1.829,1.7380000000000002,21.871,0.0,0.295,2.019,0.0,12.443,19.509,4.9430000000000005,0.0,0.49,0.0,0.91,0.0,0.0,0.0,0.0,0.0,2.762,0.833,0.43799999999999994,0.9999999999972919
96,0.0,0.99,0.0,1.5430000000000001,0.0,0.419,4.329,16.514,0.0,0.0,0.0,0.0,0.89,6.976,0.33299999999999996,0.0,0.0,0.0,0.0,0.0,0.0,0.0,1.105,0.905,1.795,0.0,0.0,0.9999999999701372
97,1.724,0.605,0.0,1.8430000000000002,0.0,1.876,2.867,25.343000000000004,1.252,0.6,0.0,0.0,8.543,6.252000000000001,0.0,2.309,1.3330000000000002,0.0,0.0,0.0,0.0,0.0,0.0,0.5,3.4330000000000003,0.748,0.0,1.0
98,0.857,0.3,0.0,0.0,0.5670000000000001,0.381,0.5379999999999999,19.014,0.0,0.0,0.0,2.7569999999999997,7.381,9.371,0.0,0.6859999999999999,0.0,0.0,0.0,1.143,0.7190000000000001,1.662,0.0,1.9809999999999999,5.332999999999999,0.0,0.0,0.9999999999989151
99,0.0,0.0,0.0,0.0,0.0,0.324,22.124000000000002,12.009,0.0,0.0,0.433,1.829,37.414,37.195,2.4619999999999997,0.024,2.533,0.095,0.0,0.614,0.0,1.9240000000000002,2.0380000000000003,0.0,0.0,4.181,0.0,0.9999999999763791
100,0.5670000000000001,0.0,0.0,0.0,0.0,1.733,0.0,28.333000000000002,0.0,0.0,2.519,0.0,0.0,7.976,0.69,0.0,1.6480000000000001,0.0,0.0,0.0,0.0,0.0,0.34299999999999997,0.0,0.0,0.0,0.0,0.9999925286027025
101,1.2670000000000001,1.176,0.0,0.0,0.0,1.1,0.0,8.905,0.0,0.0,0.0,0.0,1.133,5.971,0.0,0.0,0.0,0.233,0.0,0.0,0.8290000000000001,1.005,0.8140000000000001,0.0,1.062,0.0,0.0,0.9999997024406784
102,1.5330000000000001,0.0,0.7140000000000001,0.614,0.0,0.0,6.632999999999999,18.562,0.0,0.0,0.0,1.3619999999999999,9.181000000000001,19.243,2.452,0.0,0.0,0.0,0.0,0.89,0.0,2.319,1.662,25.962,31.919,0.7140000000000001,0.0,0.999999999999996
103,0.0,0.0,0.0,0.0,0.0,0.519,0.0,17.024,0.0,0.34299999999999997,1.129,0.0,0.0,47.08,0.0,0.0,0.0,0.0,1.238,0.0,0.0,0.0,0.0,0.0,0.0,0.405,0.0,1.6112843756902636e-08
105,0.0,1.329,0.0,0.91,0.0,3.238,0.0,10.286,0.8140000000000001,0.0,0.0,0.0,3.638,7.348,0.0,0.038,1.2329999999999999,0.0,0.0,0.0,2.2430000000000003,0.862,0.4,0.0,0.7,2.99,0.0,0.9999999999961338
106,0.5429999999999999,0.0,0.0,0.0,0.0,4.7669999999999995,10.924000000000001,16.957,0.0,0.0,1.538,0.0,11.967,20.285,3.533,0.005,0.0,0.0,0.0,0.0,0.0,1.0,0.7240000000000001,0.7859999999999999,2.7289999999999996,1.462,0.0,0.9999999999999141
107,0.0,0.0,0.0,0.41,0.7290000000000001,0.0,2.4619999999999997,18.409000000000002,0.414,0.0,0.0,0.0,10.981,18.227999999999998,0.8809999999999999,1.5519999999999998,0.0,0.0,0.0,0.133,0.667,0.0,0.657,1.41,2.309,2.419,0.0,0.9999999999989526
108,0.0,0.0,0.0,0.838,0.0,0.0,11.89,14.147,0.0,0.0,0.0,0.0,8.181000000000001,21.057,6.852,0.0,0.6,0.667,0.0,0.0,0.4,0.0,0.9670000000000001,1.7519999999999998,0.39,0.99,1.248,0.9999999999988842
109,0.0,0.981,0.18600000000000003,0.0,0.0,0.0,0.0,9.895,0.9620000000000001,0.0,0.0,0.0,1.433,7.314,0.271,0.0,0.0,0.0,0.0,0.0,0.0,0.0,0.0,0.371,2.39,0.0,0.0,0.9999992100048355
110,0.0,0.0,0.0,0.0,0.0,1.143,9.748,17.381,1.3330000000000002,0.495,0.21,0.0,4.605,8.581,0.629,1.0,2.086,0.0,0.0,0.0,0.0,0.0,0.0,0.395,0.467,1.724,1.262,0.9999999999999976
111,0.0,1.71,0.0,0.0,3.238,2.295,7.157,16.99,1.2,0.0,0.0,0.0,15.238,22.656999999999996,0.943,0.0,1.69,1.41,0.0,0.0,0.9570000000000001,0.0,1.229,2.309,4.795,0.0,0.0,0.9999999999986231
113,0.0,3.1519999999999997,0.0,0.0,0.39,0.0,2.805,12.175999999999998,0.35700000000000004,0.0,0.0,0.552,0.0,7.867000000000001,0.5,0.21899999999999997,0.0,0.0,1.129,0.28600000000000003,0.0,0.0,1.3,1.952,0.114,0.0,0.0,0.9999999982853094
114,0.6759999999999999,0.0,1.219,0.0,0.0,0.895,7.962000000000001,8.642999999999999,0.505,0.0,0.0,0.0,3.9,8.524,2.781,0.0,0.0,0.21,0.0,3.3480000000000003,0.0,0.0,0.243,0.0,0.0,0.0,0.0,0.9999999999994447
116,0.0,0.35200000000000004,0.0,0.0,0.581,2.029,3.662,15.776,0.0,0.44299999999999995,0.9570000000000001,0.0,9.914,6.371,0.0,0.0,0.9,1.2329999999999999,0.0,0.0,1.395,0.262,0.0,1.629,2.209,1.0290000000000001,0.0,1.0
117,0.0,0.0,0.0,0.0,0.44299999999999995,3.281,0.0,19.552,0.0,0.0,0.743,2.271,3.952,9.7,0.0,0.0,0.0,0.0,0.0,0.0,0.0,0.8859999999999999,0.0,0.0,0.013999999999999999,0.0,0.0,0.9999999996704567
118,0.843,0.0,0.0,1.729,0.0,0.0,4.167,9.586,0.557,0.0,0.0,0.0,12.038,22.185,8.386000000000001,0.6859999999999999,3.6519999999999997,0.0,0.0,1.71,0.5379999999999999,0.7759999999999999,0.0,0.0,1.171,4.09,0.0,0.9999999999999749
119,0.0,1.624,2.495,0.0,0.0,0.0,5.7620000000000005,6.419,0.0,0.0,0.0,0.0,35.547,81.92299999999999,5.324,0.0,5.614,0.5,0.0,1.11,0.524,0.0,0.733,10.752,14.675999999999998,8.457,0.905,0.9999999999979439
120,0.5479999999999999,0.0,1.319,0.0,0.0,1.886,3.9810000000000003,12.195,0.0,0.0,0.0,0.0,24.904,42.152,1.5430000000000001,2.9760000000000004,0.0,0.5,0.0,0.0,0.257,0.0,0.733,4.676,12.352,0.0,0.152,0.9999999999664142
121,0.0,0.0,1.014,0.0,2.0709999999999997,0.0,1.2570000000000001,7.542999999999999,0.0,0.0,0.0,0.0,0.862,9.1,3.609,0.0,0.0,3.938,0.0,0.0,1.262,0.0,0.0,0.157,0.0,0.0,0.0,0.9406235621967528
122,1.8,0.0,0.0,0.0,0.0,2.695,5.09,18.514,0.0,0.0,0.0,0.0,11.581,18.814,0.7,0.17600000000000002,0.0,0.0,0.8859999999999999,0.0,0.0,0.0,0.5329999999999999,0.0,1.114,0.0,0.0,0.9999999999999372
123,0.5329999999999999,0.8290000000000001,0.0,0.0,0.0,3.838,7.747999999999999,18.619,0.0,0.0,0.0,1.033,69.342,79.566,15.633,6.2620000000000005,6.348,2.0709999999999997,0.452,0.0,0.35700000000000004,0.7,0.348,0.0,6.981,7.49,0.0,0.9999999999955067
125,0.0,0.0,0.0,0.257,0.0,1.3,0.0,7.705,1.624,0.0,0.424,0.0,0.0,7.742999999999999,0.0,0.0,0.0,0.48100000000000004,0.0,1.719,0.0,0.7859999999999999,1.624,0.0,0.0,1.476,0.0,0.9999343676787888
126,1.3,1.062,0.414,0.643,0.0,0.0,3.867,13.009,0.0,1.319,0.36700000000000005,0.0,3.69,7.109,0.79,0.0,1.49,0.0,1.371,0.0,1.69,0.0,0.0,0.0,2.905,0.433,0.9670000000000001,0.9999999999999989
127,0.0,0.995,0.0,0.0,0.414,0.0,1.61,9.452,0.0,2.2430000000000003,0.0,0.0,5.162000000000001,7.957000000000001,0.0,1.114,0.0,2.171,0.0,0.0,0.8290000000000001,1.9809999999999999,0.0,0.0,1.781,0.157,0.0,0.9999999999999876
128,0.0,0.7759999999999999,0.081,0.0,0.41,0.0,0.69,11.662,1.081,0.433,0.0,0.0,4.148,9.714,0.0,0.0,2.338,3.071,0.0,0.386,0.0,0.0,0.943,1.548,2.1,1.7380000000000002,0.667,0.9999999997665456
130,0.9570000000000001,1.5330000000000001,0.0,0.69,2.8089999999999997,0.0,3.8760000000000003,10.924000000000001,0.0,0.0,0.0,0.0,8.095,15.157,0.0,0.5379999999999999,1.581,0.0,3.571,0.243,0.0,0.0,2.571,0.0,2.505,0.0,0.91,0.999999999989156
131,1.376,2.5,0.0,0.0,0.0,0.0,6.414,15.543,0.7759999999999999,0.0,0.0,0.0,4.024,15.157,4.243,0.0,1.867,0.0,0.9,0.0,0.6709999999999999,0.0,0.0,0.948,2.033,0.0,3.9810000000000003,0.9999999999996525
132,1.681,2.9189999999999996,0.0,0.69,1.4240000000000002,0.7709999999999999,4.043,15.39,0.0,0.0,1.5290000000000001,0.0,3.267,7.2379999999999995,1.476,1.205,0.138,0.33799999999999997,4.843,0.0,1.314,0.0,0.0,0.9670000000000001,0.924,3.0239999999999996,0.18100000000000002,0.9999999999995965
134,1.919,0.0,0.0,0.0,2.786,0.0,3.1,11.147,0.0,0.0,1.433,0.0,4.2669999999999995,6.4479999999999995,4.957,0.0,0.0,0.0,0.0,0.0,0.424,0.0,0.0,1.995,0.9520000000000001,0.0,0.91,0.9999999999915756
135,0.0,1.814,1.895,2.267,0.0,0.0,1.381,19.014,1.138,0.0,0.843,0.0,10.280999999999999,9.29,0.0,0.0,0.495,0.0,0.0,0.0,0.71,0.0,0.0,2.295,5.309,0.0,2.024,0.9999999998758766
136,1.219,0.0,1.871,1.138,0.929,0.833,3.3569999999999998,16.509,0.0,0.0,0.0,0.0,6.105,8.142999999999999,5.376,1.09,1.6380000000000001,0.0,0.0,0.0,1.571,0.0,0.0,3.9330000000000003,4.667,0.0,0.0,0.9999999999999987
138,0.0,2.4090000000000003,0.386,0.586,0.0,1.371,2.6710000000000003,9.967,0.0,0.0,0.0,0.0,3.795,10.770999999999999,1.8,0.0,2.5,0.22899999999999998,0.371,0.0,0.0,0.0,0.0,0.0,2.59,0.0,0.0,0.9999999999995632
139,0.0,1.819,1.5,0.0,0.0,0.0,5.2379999999999995,7.99,0.324,0.124,0.61,0.0,21.105,51.06100000000001,0.9,0.0,1.052,0.0,0.6759999999999999,0.0,0.0,0.5329999999999999,1.167,1.771,0.0,0.0,0.024,0.9999999626616657
140,0.743,0.0,0.0,0.733,0.0,1.629,0.214,9.181000000000001,0.562,0.0,0.0,1.686,9.776,14.105,1.757,0.0,0.0,0.0,0.429,0.0,0.924,2.852,2.219,2.705,0.0,0.8859999999999999,0.0,0.9999999976335376
141,0.0,0.0,0.0,0.0,0.0,1.357,2.148,7.519,0.0,0.0,0.0,0.038,11.262,11.585999999999999,0.0,0.71,4.643,0.0,0.0,0.8240000000000001,0.47600000000000003,0.643,0.0,0.0,1.2329999999999999,0.919,0.0,0.99999999999999
142,0.395,12.9,0.0,0.0,1.695,1.795,0.71,5.705,0.0,0.0,0.0,0.0,3.533,15.770999999999999,0.0,0.7759999999999999,0.0,0.529,0.28600000000000003,0.0,0.0,0.0,0.0,0.938,1.595,0.0,0.495,0.9999999994844753
143,3.7239999999999998,1.829,0.4,0.0,0.0,1.286,0.0,6.7,0.0,0.0,0.22899999999999998,0.0,6.071000000000001,9.343,0.0,1.167,0.0,0.0,0.0,1.148,0.0,0.0,0.8140000000000001,5.632999999999999,1.729,0.652,0.0,0.9999999999999856
144,0.5,1.6480000000000001,0.0,0.0,1.162,1.0859999999999999,0.0,9.471,0.0,0.0,0.0,0.0,12.352,11.162,0.47600000000000003,0.0,2.552,0.0,0.0,1.976,1.8430000000000002,0.0,0.28600000000000003,0.0,0.0,0.0,0.0,0.9999999997231155
145,0.0,2.1430000000000002,0.35200000000000004,0.0,3.3139999999999996,1.476,8.833,7.619,1.514,0.0,0.657,0.0,8.671,13.905,1.105,0.0,0.49,0.0,0.0,0.695,0.9,0.0,0.0,0.0,2.938,0.424,0.738,0.9999999999973961
146,0.0,1.005,0.0,0.0,0.7190000000000001,1.329,1.514,5.742999999999999,0.0,0.0,3.609,0.024,8.862,16.266,0.0,0.0,3.605,0.0,0.638,1.329,0.0,2.667,0.0,0.0,0.505,0.0,0.0,0.9999999999774289
147,0.0,0.0,0.0,0.0,0.8809999999999999,0.7709999999999999,2.59,16.657,0.0,0.0,0.0,0.0,7.824,10.019,0.0,0.0,1.0190000000000001,0.371,0.0,0.7759999999999999,0.0,1.4240000000000002,0.0,2.0140000000000002,1.3330000000000002,3.548,0.0,0.9999999999999993
148,1.395,1.819,0.0,0.0,3.681,0.0,1.729,24.1,2.043,0.0,0.0,0.0,0.848,8.142999999999999,1.662,0.0,1.29,0.0,0.0,0.44799999999999995,0.995,0.0,0.5329999999999999,0.89,1.319,1.067,0.35200000000000004,0.999999987622103
150,0.0,1.2670000000000001,0.862,0.0,0.0,2.905,3.986,8.205,1.714,0.0,0.0,2.319,8.119,8.219,0.0,0.0,0.0,0.8759999999999999,1.305,0.624,0.0,1.433,0.0,0.5429999999999999,1.219,0.0,0.0,0.9999999999996432
151,0.0,1.2670000000000001,0.0,1.614,0.0,0.47100000000000003,0.157,10.952,1.043,0.0,1.2670000000000001,1.014,6.528,10.967,0.0,1.619,0.386,0.581,1.652,0.0,0.0,0.0,0.0,0.0,1.19,2.609,0.0,0.9999999999975533
152,0.0,4.4,2.7569999999999997,0.233,1.4380000000000002,0.0,4.971,17.771,0.0,0.748,0.0,0.8859999999999999,12.970999999999998,16.247,0.0,0.938,4.4239999999999995,1.0,0.9570000000000001,0.5329999999999999,1.0859999999999999,1.043,0.0,2.171,0.581,0.0,0.47100000000000003,0.9999999999997895
153,0.0,0.619,1.081,0.35200000000000004,0.595,1.952,0.0,12.776,0.0,0.0,0.0,0.495,4.238,10.105,1.486,0.0,1.386,0.0,0.0,0.0,0.0,0.36200000000000004,2.676,0.81,1.0290000000000001,0.0,0.524,0.9999999999511471
154,0.0,0.0,0.0,0.0,0.0,0.49,7.205,13.743,0.0,0.0,0.0,0.0,30.052,52.59,5.695,1.386,4.567,2.076,1.419,0.0,1.61,0.0,0.0,0.0,2.681,0.49,0.0,0.9999999999990434
155,4.052,2.6519999999999997,0.0,0.019,0.0,3.1,3.719,13.133,0.0,0.0,0.419,0.0,2.209,8.232999999999999,0.419,1.5290000000000001,0.89,0.0,1.405,0.9520000000000001,0.0,1.2670000000000001,0.01,0.0,6.528,0.0,2.8289999999999997,0.9999999999999991
158,0.0,0.0,0.0,0.0,0.0,1.157,4.718999999999999,13.470999999999998,0.0,0.0,0.0,0.69,2.381,6.928,3.0860000000000003,1.119,0.0,0.0,1.181,0.0,0.0,0.0,0.01,1.252,0.0,0.0,0.0,0.9999999999974938
159,1.157,0.0,0.0,0.7759999999999999,0.9670000000000001,0.0,0.0,11.481,0.0,0.0,0.0,0.733,0.61,6.7,0.0,0.0,0.0,0.0,0.0,0.0,0.0,0.0,0.0,0.0,4.2139999999999995,0.0,0.0,0.9999999972247331
160,0.0,2.224,0.581,0.195,0.0,1.443,0.0,11.362,1.81,0.18600000000000003,0.0,0.0,4.581,9.667,0.486,0.638,0.0,0.0,0.0,0.0,1.433,0.0,0.0,0.0,0.0,0.89,0.0,0.9999999983345917
162,0.14300000000000002,0.0,0.028999999999999998,0.5329999999999999,0.0,0.0,2.367,19.814,0.0,0.0,1.476,0.0,18.024,34.238,0.5710000000000001,0.0,3.0669999999999997,0.0,0.0,0.038,0.0,0.0,0.0,1.043,0.0,1.786,0.738,0.9999996106885466
163,0.414,0.0,0.0,0.0,0.0,2.681,7.2139999999999995,14.414000000000001,0.0,0.0,0.0,0.429,7.357,12.547,0.0,0.9620000000000001,0.7190000000000001,1.9140000000000001,0.7140000000000001,0.0,1.324,1.0859999999999999,0.0,2.286,3.167,0.467,2.4330000000000003,1.0
164,0.0,0.0,0.59,0.0,1.2,1.81,0.0,11.538,0.28600000000000003,0.0,0.0,0.0,1.381,7.267,0.0,0.0,0.0,0.0,0.0,0.7759999999999999,2.886,0.0,0.0,0.305,1.014,0.0,0.0,0.9999999999974201
165,0.0,1.41,0.0,0.0,0.0,0.0,3.033,7.324,0.0,0.0,0.705,0.0,1.329,7.127999999999999,1.219,0.0,0.0,0.0,0.0,0.0,0.0,0.0,0.0,0.062,1.162,0.0,0.0,0.9999999999292164
166,0.0,0.0,0.0,1.695,0.0,1.129,0.0,12.895,0.0,1.99,0.0,0.0,4.428999999999999,10.628,1.662,1.5290000000000001,0.943,1.024,0.905,1.224,0.0,0.0,2.4859999999999998,0.0,4.829,0.0,0.7809999999999999,0.9999999999995139
167,0.424,0.0,0.0,0.0,1.157,0.48100000000000004,2.052,22.19,0.0,0.0,0.0,0.0,3.362,7.619,0.0,1.505,0.0,0.0,0.0,0.0,0.0,0.0,1.5290000000000001,1.014,3.048,0.0,0.0,0.9999999999998097
169,0.0,1.9809999999999999,0.0,0.057,0.0,0.0,2.676,6.348,0.0,0.0,0.0,0.0,5.242999999999999,11.514000000000001,2.681,0.0,0.486,0.0,0.5379999999999999,0.0,0.0,0.0,0.852,0.0,3.5860000000000003,0.0,0.7,0.9999999999999729
170,0.0,2.767,0.0,0.0,0.0,1.681,0.0,24.070999999999998,0.0,1.4380000000000002,0.0,0.0,0.21,7.557,0.0,0.0,0.0,0.0,0.0,1.262,0.0,0.0,0.0,0.0,0.0,0.0,0.0,0.9999988071565964
171,1.89,0.0,0.0,0.0,0.0,1.976,1.729,13.571,0.0,0.0,0.0,1.5859999999999999,3.343,11.362,0.0,0.81,1.486,0.0,0.0,1.7519999999999998,0.0,0.0,0.0,0.0,0.0,0.0,3.8480000000000003,0.9999999999992562
172,0.0,0.99,0.0,0.0,0.0,0.51,8.5,5.29,0.552,0.0,0.0,0.0,28.2,32.285,11.380999999999998,7.6,2.081,0.0,0.79,0.0,0.0,0.0,0.0,0.35200000000000004,4.386,6.271,0.0,0.9999999999999996
174,0.0,0.0,0.0,0.0,0.0,4.586,3.69,15.047,3.319,0.0,0.0,0.18100000000000002,3.948,8.408999999999999,0.0,0.0,0.0,0.0,0.01,0.0,0.0,1.024,0.0,0.0,0.0,2.048,3.633,0.9999999999999922
177,0.0,0.0,0.529,1.2570000000000001,2.29,0.0,1.043,9.605,0.31,0.0,0.8859999999999999,0.243,4.095,7.981,2.9760000000000004,1.571,0.0,0.0,0.0,2.381,0.0,0.0,0.505,0.8,0.0,2.076,0.0,0.9999999999285898
178,0.0,1.867,1.857,0.0,0.305,0.0,0.8809999999999999,11.667,0.32899999999999996,0.0,0.0,0.35700000000000004,8.495,12.886,4.238,2.448,0.0,0.0,0.0,1.581,0.0,0.0,0.0,0.871,2.7430000000000003,1.367,0.0,0.9999999999994618
179,0.0,2.519,0.0,0.0,0.0,0.386,2.209,12.019,0.405,0.0,1.171,0.0,3.762,10.571,3.824,0.0,1.167,1.7480000000000002,0.995,0.0,0.0,0.433,0.843,2.605,3.695,0.0,0.0,0.9999999999996954
181,0.0,0.0,0.0,0.0,0.0,2.352,4.581,12.533,0.267,0.0,0.0,0.581,7.848,11.3,3.029,2.381,0.0,0.0,1.114,0.0,0.0,0.0,0.0,0.0,2.8760000000000003,0.986,1.19,1.0
182,1.19,8.486,0.9,0.457,0.0,1.0290000000000001,9.728,11.29,0.0,0.0,0.0,0.5760000000000001,16.086,13.370999999999999,3.605,1.9,0.0,4.157,0.0,0.0,0.0,0.0,0.0,1.848,0.0,2.309,1.71,0.9999999999999567
183,1.905,0.0,0.0,0.0,0.0,0.419,6.314,9.9,0.0,0.0,0.0,0.0,8.267000000000001,12.147,2.571,1.0759999999999998,0.0,0.0,0.424,0.0,0.0,0.0,0.0,2.795,1.338,0.5710000000000001,0.9520000000000001,0.9999999999999998
184,0.857,1.729,0.0,0.743,0.0,0.0,4.119,11.732999999999999,0.7709999999999999,0.0,0.0,0.0,1.067,5.909,0.0,1.305,1.2670000000000001,0.7190000000000001,0.0,0.0,1.629,1.652,0.0,0.433,0.0,0.171,0.0,0.999999996387398
185,0.0,0.0,0.0,0.0,0.0,0.0,3.8089999999999997,10.324000000000002,0.0,0.0,0.0,0.0,3.6430000000000002,9.181000000000001,2.424,2.0709999999999997,0.0,0.0,0.0,0.0,0.51,0.0,0.0,0.838,0.0,1.6380000000000001,0.0,0.9999999999977045
187,0.0,0.0,0.0,0.0,0.0,0.0,2.795,9.324,0.8290000000000001,0.0,1.348,0.29,4.157,6.281000000000001,0.18100000000000002,0.629,1.867,0.0,0.0,1.2670000000000001,0.662,0.0,1.238,1.276,2.281,0.0,0.0,0.9999999999997862
189,0.0,1.3330000000000002,0.0,0.0,0.0,2.509,3.043,15.232999999999999,0.0,0.0,0.8290000000000001,0.0,19.019000000000002,10.462,4.367,1.0,4.033,0.0,0.0,0.0,0.0,0.0,0.8859999999999999,1.105,0.629,0.59,0.0,1.0
190,1.695,0.0,0.0,0.0,0.9570000000000001,0.648,0.433,16.962,0.0,0.0,0.0,1.4,0.0,6.042999999999999,0.0,0.0,0.0,0.386,0.0,1.043,0.0,0.0,0.0,3.014,0.0,0.0,0.0,0.9999987429207491
191,0.0,0.662,1.386,0.0,0.0,0.376,46.50899999999999,15.062000000000001,0.0,0.0,2.1430000000000002,0.0,50.898999999999994,58.085,2.405,0.0,1.9380000000000002,0.0,1.652,0.0,0.0,0.662,0.0,9.648,25.433000000000003,0.32899999999999996,0.0,0.9999999730542372
193,0.0,0.0,1.248,0.0,0.44799999999999995,0.0,2.8089999999999997,15.295,0.0,0.0,0.0,0.0,4.533,10.048,1.071,0.0,3.905,0.0,1.886,0.0,0.0,0.0,0.0,1.7,0.0,0.557,0.757,0.9999999999995799
194,1.105,2.233,0.0,0.0,0.0,2.057,7.657,8.781,2.171,0.0,0.295,0.0,5.662000000000001,9.533,1.348,0.0,0.0,0.0,0.0,0.0,0.0,0.0,0.6759999999999999,0.0,5.905,0.16699999999999998,0.0,0.9999999999999998
196,0.0,1.286,0.433,0.0,0.0,0.0,20.666,12.547,0.0,0.0,2.595,0.433,11.767000000000001,13.162,1.2,0.0,1.286,0.0,0.0,0.0,0.614,0.124,0.0,0.0,0.0,0.0,0.0,0.9999999999724611
197,0.6859999999999999,1.633,0.0,0.0,1.581,0.005,3.843,5.671,0.0,0.0,0.0,1.805,22.362,27.89,1.595,0.0,0.44799999999999995,0.0,0.0,0.0,0.0,0.0,0.0,0.7759999999999999,1.0290000000000001,0.0,0.0,0.9999999999501878
198,0.0,0.0,0.0,1.857,0.0,3.133,4.419,13.171,0.0,0.0,0.0,0.0,2.138,10.19,0.0,0.805,1.629,0.0,0.0,0.0,0.0,0.0,0.0,1.633,1.9569999999999999,1.8330000000000002,0.562,0.999999999999996
199,1.262,0.0,1.6,0.0,0.0,1.148,3.219,5.5520000000000005,0.614,0.0,0.0,0.0,8.976,12.675999999999998,1.9480000000000002,3.9760000000000004,1.338,0.595,1.39,0.852,0.0,0.0,1.419,0.0,0.514,0.0,0.971,0.9999999999999669
200,0.852,0.0,0.8759999999999999,0.5479999999999999,1.157,0.205,0.0,13.914000000000001,0.0,0.0,0.0,1.338,0.0,5.905,0.0,1.129,1.486,0.0,2.7430000000000003,1.5290000000000001,0.7759999999999999,0.23800000000000002,0.0,0.0,0.0,0.0,2.162,0.9999999211676667
201,0.0,0.79,2.5,0.0,3.795,0.0,4.071000000000001,12.847000000000001,0.0,0.0,0.0,1.91,5.414,7.305,0.0,2.205,1.4569999999999999,0.0,0.514,0.0,0.0,1.314,0.0,0.6859999999999999,3.5239999999999996,0.0,0.905,0.9999999999978428
202,0.0,0.0,0.0,0.319,0.486,0.0,0.0,20.719,0.0,0.0,0.0,0.0,17.39,17.557000000000002,4.886,2.062,1.452,0.99,0.0,1.114,0.0,0.0,1.057,0.0,0.871,0.0,1.2329999999999999,0.9999999999435654
203,1.4569999999999999,2.533,0.0,0.0,0.0,0.0,18.619,21.833000000000002,0.0,0.0,0.0,0.0,13.043,19.171,1.719,4.343,3.89,1.5759999999999998,0.51,0.8140000000000001,0.0,0.529,0.0,6.081,2.614,0.0,0.0,1.0
204,0.0,1.248,0.0,0.0,0.0,0.0,2.367,21.295,0.0,0.0,0.0,0.0,3.114,6.4670000000000005,2.052,2.6239999999999997,0.0,0.0,0.0,0.0,0.0,0.0,2.005,0.8240000000000001,0.0,0.0,0.0,0.9999999999895657
205,0.0,0.0,0.0,0.0,0.838,0.8240000000000001,2.943,23.538,1.6380000000000001,0.0,0.0,0.0,11.562000000000001,9.967,3.2289999999999996,0.871,1.09,0.41,0.0,1.067,0.0,0.0,0.0,2.7569999999999997,7.452000000000001,0.0,0.0,0.9999999999999984
206,0.0,0.919,0.0,0.0,2.6519999999999997,0.21899999999999997,9.419,21.005,0.0,0.0,0.0,0.0,14.614,17.347,4.738,0.948,0.752,0.0,0.0,0.0,0.0,0.0,0.0,1.876,0.16699999999999998,3.971,0.314,0.9999999999999296
207,0.0,0.0,0.0,0.667,0.0,0.5760000000000001,0.8290000000000001,30.561999999999998,0.0,0.0,0.47100000000000003,1.705,3.1860000000000004,8.357000000000001,0.0,0.0,3.114,0.0,0.0,0.8,3.062,0.0,0.0,1.4240000000000002,0.452,0.9520000000000001,0.0,0.9999999999453473
208,0.919,0.0,0.48100000000000004,0.0,0.0,0.314,1.5,14.333,1.6569999999999998,0.0,0.0,1.1,4.938,6.0,2.148,1.214,1.719,0.0,0.033,0.0,0.0,0.024,0.0,1.505,0.857,5.881,0.0,1.0
209,0.0,0.0,0.0,0.0,0.44799999999999995,1.776,1.371,38.361,0.0,0.0,0.743,0.805,2.481,9.924,1.229,0.0,0.0,1.462,0.0,0.0,2.5,0.0,0.0,2.824,0.0,0.0,0.0,0.9999999966798345
210,0.0,0.79,0.0,0.0,0.0,0.0,12.462,17.986,1.7,0.0,0.257,0.0,5.305,8.357000000000001,0.0,0.0,0.0,0.0,0.0,0.81,0.0,0.0,0.71,2.89,8.638,0.0,0.0,0.9999999999999867
211,0.871,0.0,0.914,0.0,0.0,0.0,1.786,10.309000000000001,0.348,0.0,1.048,0.0,6.314,9.638,0.205,3.148,1.629,0.0,0.0,2.2569999999999997,0.0,0.0,0.7859999999999999,1.829,6.69,1.405,0.0,1.0
212,0.0,0.0,0.0,0.0,1.686,2.714,1.5519999999999998,35.552,0.0,0.0,2.162,1.071,40.58,27.471,5.242999999999999,1.695,2.381,0.0,0.5329999999999999,0.0,0.0,0.971,0.0,1.49,0.0,1.286,0.35700000000000004,0.9999999999938558
214,0.0,0.0,0.9620000000000001,0.0,0.0,0.243,0.0,23.614,1.048,0.562,1.824,1.5519999999999998,5.7,6.752000000000001,2.414,0.0,2.133,0.6859999999999999,0.0,0.0,0.0,0.0,0.5710000000000001,0.0,2.557,1.262,0.0,0.9999999999873956
215,0.0,0.0,0.01,1.5430000000000001,0.0,1.633,0.0,21.614,0.0,0.0,0.0,0.0,0.986,6.062,0.0,0.0,0.71,0.0,0.32899999999999996,0.0,0.0,0.0,1.548,0.7140000000000001,0.0,0.0,0.524,0.9999984225773639
216,0.0,0.0,0.0,1.324,0.0,1.686,2.338,13.075999999999999,0.0,0.0,0.0,0.0,3.305,9.462,0.0,0.0,0.0,1.181,0.0,1.3519999999999999,1.6380000000000001,0.0,0.8759999999999999,0.586,0.0,0.0,0.0,0.9999999998163205
217,1.038,1.81,0.9520000000000001,0.0,0.486,0.805,2.105,19.238,0.0,0.0,0.0,0.0,5.79,23.204,5.105,1.01,1.729,0.0,0.0,0.0,0.29,0.752,0.0,0.8,1.124,0.733,2.7239999999999998,0.9999999999999842
218,1.5859999999999999,0.0,1.433,1.219,1.781,6.257000000000001,2.029,10.824000000000002,0.0,0.0,1.405,0.48100000000000004,12.352,6.495,0.0,0.467,1.452,0.0,3.529,1.09,0.0,0.0,0.0,1.476,0.0,0.943,0.0,0.9999999999995599
219,0.0,2.281,1.195,1.605,1.052,0.0,1.524,9.852,0.0,0.0,0.0,1.629,7.281000000000001,8.038,1.143,0.0,0.657,0.0,4.5760000000000005,0.0,1.4669999999999999,0.562,0.0,0.0,1.276,0.0,0.0,0.999999999999573
220,1.157,0.0,0.0,0.0,0.0,0.805,5.314,28.9,0.552,0.0,0.7,0.0,5.848,9.014,2.838,2.5380000000000003,1.162,0.0,0.0,0.0,0.0,0.0,0.0,0.862,0.71,0.0,0.0,0.9999999999999998
221,4.081,2.2569999999999997,1.5519999999999998,1.629,0.0,1.8430000000000002,17.414,15.109000000000002,0.18100000000000002,0.8140000000000001,0.0,2.224,79.471,68.385,14.181,6.257000000000001,5.4670000000000005,0.0,0.0,0.0,0.0,0.013999999999999999,2.8569999999999998,13.119000000000002,27.4,25.028000000000002,0.0,0.9999999999999658
223,0.0,1.995,0.0,0.0,0.0,1.1,3.319,14.433,0.0,0.0,0.0,0.44799999999999995,0.0,5.914,0.867,0.0,0.0,0.0,0.0,0.0,0.0,0.0,0.0,3.295,0.805,0.0,0.0,0.9999999932130792
224,0.0,2.01,0.0,0.0,0.0,3.343,14.876,16.857,0.0,0.0,0.0,0.0,11.967,19.980999999999998,5.547999999999999,4.376,0.0,0.0,0.59,0.0,0.0,0.0,0.0,0.738,0.376,1.19,0.0,0.9999999999999927
225,0.395,0.0,0.019,0.0,0.024,4.938,0.0,8.318999999999999,0.0,0.9,0.0,0.0,13.895,36.504,9.347999999999999,2.7089999999999996,2.6289999999999996,1.952,0.8809999999999999,0.0,0.0,0.929,0.0,0.0,1.205,3.767,0.752,0.9999999996782107
226,0.0,0.5,0.0,0.0,0.805,2.052,1.11,14.909,0.0,0.419,0.0,0.0,0.0,8.138,0.0,0.0,0.0,0.0,0.0,1.1,0.8,0.0,0.0,0.871,2.786,0.0,0.0,0.9999999990778274
227,1.0759999999999998,0.0,0.0,0.919,0.0,1.7619999999999998,2.762,11.324000000000002,0.0,1.314,0.0,0.7759999999999999,12.657,15.305,0.0,0.41,0.0,0.0,0.0,0.44799999999999995,0.0,0.395,0.0,1.205,2.129,0.0,0.0,0.9999999999999283
228,4.038,0.5379999999999999,0.0,1.719,1.357,1.5619999999999998,0.048,25.2,0.0,0.0,2.052,0.0,5.824,6.69,0.971,0.32899999999999996,5.005,0.0,0.0,0.0,0.0,0.0,0.0,0.0,0.0,0.0,0.0,0.9999999998677926
229,0.795,0.0,0.919,0.0,0.0,1.9380000000000002,40.438,17.686,0.0,0.7809999999999999,0.005,0.0,19.052,52.161,9.914,7.9,0.767,1.49,0.0,0.0,0.0,0.0,0.0,0.0,3.543,1.095,0.0,0.9999999999987514
230,0.22399999999999998,0.0,0.0,1.062,0.938,0.0,22.319000000000003,17.180999999999997,0.0,0.0,0.0,0.0,4.6,12.252,0.424,0.0,0.0,0.857,0.0,0.0,2.5,1.829,0.638,0.51,2.376,0.0,0.848,0.9999999999999079
231,0.0,0.0,0.0,0.386,0.0,0.0,11.405,10.786,0.0,1.405,0.0,1.043,13.427999999999999,8.805,0.348,0.44299999999999995,3.114,0.4,1.157,0.019,0.0,0.0,0.0,0.867,1.0190000000000001,0.22899999999999998,0.0,0.9999999999999964
233,0.0,0.0,0.0,0.0,0.0,1.662,10.195,8.052,0.0,0.0,0.0,0.5479999999999999,32.257,59.766000000000005,16.209,0.8759999999999999,10.7,0.0,1.557,0.0,2.181,0.652,5.4479999999999995,0.0,3.576,12.3,1.933,0.9999999999949565
234,0.0,1.052,0.11,0.0,0.8,1.538,3.8710000000000004,9.809,0.524,0.0,0.0,0.0,40.204,41.17100000000001,4.381,1.895,5.943,0.0,1.281,0.0,0.0,0.0,0.0,0.0,1.048,3.7089999999999996,0.0,0.9999999999985187
235,1.695,0.0,0.0,0.0,0.0,0.0,0.624,11.247,0.0,0.0,0.0,0.924,7.395,6.067,2.4290000000000003,0.0,3.5669999999999997,0.429,0.0,0.0,0.924,1.886,0.0,1.567,0.0,0.0,0.0,0.9999999999633775
236,0.0,0.0,0.871,0.0,0.0,1.5759999999999998,5.7139999999999995,3.781,0.0,0.0,0.0,2.6239999999999997,16.386,28.465999999999998,5.776,0.0,2.024,0.09,0.271,0.0,0.867,0.0,0.5760000000000001,0.61,2.6430000000000002,4.79,0.0,0.9999999999999949
237,0.0,1.2,0.0,0.0,0.0,0.7759999999999999,4.433,0.0,0.0,0.0,0.0,1.2329999999999999,1.4,6.9479999999999995,0.0,1.1520000000000001,1.0,0.0,0.0,0.0,0.19,0.0,0.0,1.79,0.0,0.4,0.0,0.9999999999996374
238,0.0,0.0,1.024,0.0,0.7190000000000001,1.619,8.519,11.009,0.0,0.0,0.0,0.0,13.762,28.252,0.8759999999999999,0.0,4.543,0.0,0.0,1.1,0.0,2.667,0.0,0.0,0.243,0.41,1.8519999999999999,0.999999999995481
239,0.9329999999999999,3.8139999999999996,0.0,0.0,1.4709999999999999,0.0,9.209,7.7620000000000005,0.0,0.0,0.0,0.0,18.471,42.218999999999994,6.648,5.086,5.433,0.0,0.7709999999999999,0.581,0.7859999999999999,0.0,0.0,2.9,0.0,1.6380000000000001,0.0,0.9999999999998197
241,1.443,6.171,0.938,1.952,1.962,3.638,1.329,15.443,0.0,0.0,0.0,0.0,0.0,6.138,0.0,0.0,0.0,0.0,1.238,0.6759999999999999,0.0,0.0,0.0,1.89,6.524,0.3,0.0,0.9999999999997717
242,1.224,0.0,0.595,0.0,1.895,2.79,32.657,20.546999999999997,0.0,0.0,0.0,0.0,35.576,56.251999999999995,6.3,3.89,14.343,0.0,0.0,0.0,1.805,0.0,0.0,0.0,3.8139999999999996,3.657,0.0,0.9999999999999196
243,0.0,0.0,0.0,0.0,0.8,1.681,5.119,14.270999999999999,0.0,0.0,1.229,0.0,16.043,28.0,0.505,0.424,3.838,0.0,0.0,0.0,1.89,0.0,0.0,1.1520000000000001,0.529,0.562,0.0,0.9999999999925486
244,0.629,2.343,0.0,0.381,0.0,1.476,0.0,15.886,0.0,0.605,0.662,0.0,1.167,6.5760000000000005,0.0,0.0,0.0,0.7190000000000001,0.0,0.0,0.0,0.386,0.0,1.0859999999999999,2.8810000000000002,0.0,0.0,0.9999999999967852
245,1.048,1.895,0.233,0.0,2.024,0.0,6.819,14.095,0.0,0.8759999999999999,0.281,0.0,18.076,16.480999999999998,0.0,2.5669999999999997,0.0,0.0,0.562,0.0,1.5190000000000001,0.0,0.0,0.22899999999999998,0.0,0.0,0.0,0.9999999999956732
246,1.348,0.0,0.295,0.35700000000000004,0.0,0.557,9.224,12.095,0.0,0.0,0.0,0.0,38.028,36.514,7.086,0.905,0.748,0.0,0.0,1.595,0.0,0.529,0.7190000000000001,0.0,2.676,0.0,1.005,0.9999999999888567
247,0.0,0.0,0.7859999999999999,0.0,0.0,0.0,3.2710000000000004,4.895,0.733,0.0,0.0,0.495,6.157,15.633,0.32899999999999996,1.405,0.0,1.881,0.0,1.19,0.0,1.824,0.0,0.013999999999999999,1.6,1.167,1.305,0.9999999999999916
248,0.35200000000000004,1.514,0.0,0.0,0.0,1.6480000000000001,6.371,13.124,0.0,0.0,0.0,0.0,0.381,7.252000000000001,0.0,0.0,0.0,0.0,0.976,0.0,0.0,0.0,0.0,0.0,2.148,2.252,0.0,0.9999999999985485
249,0.0,5.724,0.205,0.695,0.0,0.657,9.295,2.8,1.9240000000000002,0.0,0.0,0.0,37.171,49.599,5.086,3.386,4.129,0.862,1.486,0.0,0.0,0.0,0.0,0.319,2.176,3.148,0.0,0.9999999999999902
250,0.0,0.0,0.0,0.33799999999999997,2.29,0.21899999999999997,0.5379999999999999,10.048,0.0,0.0,0.0,0.0,2.909,11.509,0.0,0.0,1.49,0.0,0.0,0.0,0.0,0.0,0.0,0.0,0.4,0.6,0.59,0.9999999854464177
251,0.0,1.49,0.0,0.0,0.0,1.129,1.9380000000000002,11.462,0.0,1.229,0.581,0.0,20.824,40.685,6.638,1.681,2.157,0.0,0.248,0.0,1.338,0.0,0.0,1.695,0.552,0.695,0.0,0.9999999985959869
252,0.462,0.457,0.0,0.5479999999999999,0.48100000000000004,1.867,0.0,15.776,0.0,0.0,0.0,0.0,2.0709999999999997,10.714,3.0189999999999997,0.0,0.7140000000000001,0.0,0.152,0.0,1.29,0.0,0.0,0.0,1.4,0.0,0.0,0.9999999995740194
253,0.7290000000000001,0.0,0.0,1.71,0.0,1.633,6.319,10.628,0.0,0.0,0.0,0.938,8.39,16.227999999999998,0.0,0.0,2.648,0.0,0.0,0.0,0.0,0.0,1.033,7.005,7.6,0.5710000000000001,0.0,1.0
254,0.2,1.19,0.0,0.0,0.0,3.2569999999999997,7.595,10.157,0.0,0.195,0.0,0.0,19.39,28.743000000000002,2.4330000000000003,0.0,0.32899999999999996,1.043,0.0,0.23800000000000002,0.0,0.0,0.0,6.957000000000001,1.795,0.6,0.857,0.9999999999990881
255,0.0,0.0,0.0,0.0,0.614,0.5329999999999999,5.486000000000001,13.79,0.624,0.0,0.0,0.0,1.71,7.7620000000000005,1.676,0.0,0.0,0.0,0.0,0.0,0.0,0.0,0.0,0.7190000000000001,5.681,0.0,0.0,0.9999999999958848
256,0.0,0.0,0.0,0.0,0.0,1.7619999999999998,7.824,12.419,0.0,0.7140000000000001,0.0,0.0,31.419,34.028,3.1189999999999998,4.39,0.16699999999999998,0.0,0.0,0.0,1.095,1.4140000000000001,0.833,0.0,1.69,0.0,0.0,0.9999999995608884
257,0.0,0.0,0.0,0.9570000000000001,0.0,0.0,5.895,17.881,0.0,0.0,0.0,0.0,3.438,10.524000000000001,0.21,0.0,0.0,0.0,0.0,0.0,0.005,0.0,0.0,0.0,0.0,0.0,0.0,0.9999999999716107
258,0.0,6.976,0.0,0.0,0.0,0.0,14.719000000000001,19.405,0.0,0.0,0.0,0.0,23.180999999999997,33.528,5.537999999999999,0.35200000000000004,0.0,0.0,0.0,0.0,0.0,0.605,0.0,6.909,4.648,0.0,0.0,0.9999999999957156
259,2.543,0.79,0.052000000000000005,0.9570000000000001,0.0,0.648,12.386,17.271,0.3,0.0,1.952,0.0,9.1,12.29,0.0,0.0,2.5860000000000003,1.0290000000000001,0.0,1.4480000000000002,0.0,0.0,0.0,0.0,0.7240000000000001,3.048,1.162,0.9999999999999349
260,0.0,0.0,0.0,0.0,0.0,0.0,3.238,10.581,0.0,0.0,0.0,0.0,2.576,5.9670000000000005,0.0,0.0,3.6239999999999997,0.8809999999999999,0.0,0.0,0.0,0.0,0.0,0.848,0.0,2.467,0.0,0.999999999999954
261,0.0,0.833,0.0,0.705,0.0,0.0,1.9480000000000002,7.327999999999999,0.0,0.0,0.0,0.938,57.418,50.657,5.5089999999999995,3.69,1.39,0.752,0.429,2.529,0.0,0.0,0.0,2.786,1.6480000000000001,3.1519999999999997,0.0,0.999999999998251
262,1.776,0.0,0.8759999999999999,0.0,0.0,1.838,0.0,14.024000000000001,0.69,0.0,0.0,0.519,5.7,6.067,0.0,0.0,0.44799999999999995,1.571,0.976,0.0,0.667,0.419,0.0,0.0,0.0,3.157,0.0,0.9999999999999711
263,6.332999999999999,0.0,0.0,1.081,0.0,0.0,5.257000000000001,20.357,0.0,0.0,0.8190000000000001,0.0,7.457000000000001,9.809,0.248,0.8140000000000001,1.181,0.0,0.0,0.0,0.0,0.0,0.862,0.34299999999999997,0.0,0.0,0.0,0.9999999999998945
264,0.0,1.6380000000000001,0.0,0.0,0.0,0.0,0.0,16.733,0.0,1.048,0.0,0.0,0.0,8.709,0.0,0.0,0.0,0.0,0.0,0.0,0.0,0.0,0.0,3.09,1.557,1.771,0.0,0.9999971809370797
265,0.0,0.9570000000000001,0.5710000000000001,0.867,0.0,1.79,1.9569999999999999,9.219,0.0,0.0,0.0,0.0,9.448,10.662,1.514,0.0,0.0,0.0,0.0,0.0,0.0,0.9520000000000001,0.629,0.0,0.0,1.41,0.0,0.9999999999997684
266,0.7140000000000001,0.41,0.0,0.7140000000000001,2.662,2.7289999999999996,9.386000000000001,20.205,0.0,0.0,1.052,0.0,32.257,31.271,0.0,0.262,0.0,0.0,0.0,0.0,0.0,0.0,0.0,0.0,6.595,0.0,0.0,0.9999999996682403
267,0.0,0.324,0.0,0.0,0.0,0.0,2.157,17.776,0.924,0.0,0.0,0.0,0.7759999999999999,7.681,0.0,0.0,1.067,0.457,0.21899999999999997,0.0,1.671,0.019,0.8809999999999999,0.0,0.9670000000000001,0.0,0.762,0.9999999650561339
268,3.448,0.0,0.0,2.605,0.0,0.0,30.109,12.027999999999999,0.2,2.129,0.0,0.0,56.909,97.985,24.804000000000002,6.2620000000000005,5.9479999999999995,0.0,0.752,0.0,3.6430000000000002,0.51,1.538,1.048,0.629,0.986,0.0,0.9999999990994104
269,0.19,0.062,0.9520000000000001,0.9,1.09,0.705,0.0,15.765999999999998,0.0,0.33799999999999997,0.0,0.557,0.0,6.7620000000000005,0.0,0.552,0.0,0.35200000000000004,0.0,0.0,0.0,1.41,0.0,1.133,1.824,0.0,0.0,0.9999996359687968
270,0.0,0.0,2.5669999999999997,0.0,0.071,2.662,0.924,21.162,0.0,0.0,0.0,0.0,2.367,11.142999999999999,3.043,0.743,1.095,0.47600000000000003,0.0,0.0,1.2570000000000001,0.0,0.0,0.0,1.238,0.0,0.0,0.9999999996653153
271,0.0,1.61,0.0,1.014,0.0,0.262,0.0,18.247,0.0,0.0,0.29,0.0,0.152,7.609,0.0,0.0,0.0,0.0,0.0,0.0,0.2,0.0,0.0,0.0,0.695,0.51,0.171,0.9999377054282679
272,0.0,0.01,0.0,0.633,1.7519999999999998,0.5379999999999999,3.457,29.528000000000002,0.0,0.0,0.0,1.067,8.49,5.867000000000001,0.0,0.7240000000000001,1.929,0.47600000000000003,0.0,0.0,1.905,0.0,0.0,1.157,0.0,0.0,0.0,0.9999999999999432
273,0.0,0.995,0.0,0.986,0.0,0.8240000000000001,0.0,26.866,0.381,0.595,0.0,0.8290000000000001,0.0,7.771,0.0,0.18100000000000002,1.129,0.743,0.0,1.686,0.9329999999999999,0.0,0.657,0.0,0.0,2.452,0.643,0.9997592401662699
274,0.0,3.9810000000000003,0.0,0.0,0.0,1.429,1.524,18.438,0.0,0.0,0.0,0.0,3.438,7.562,1.4709999999999999,0.0,0.514,0.0,0.71,0.0,0.0,0.0,0.0,1.105,0.0,1.9569999999999999,0.0,0.9999999999987406
276,0.0,0.0,0.0,0.0,0.738,0.705,1.986,14.757,0.0,0.0,1.195,0.0,2.9760000000000004,9.743,0.6759999999999999,0.0,1.329,0.0,0.986,1.1520000000000001,0.0,0.0,0.0,0.0,0.0,2.886,0.0,0.9999999999998779
277,0.905,1.6380000000000001,1.248,0.695,0.648,0.0,4.638,26.038,0.0,0.0,0.14800000000000002,0.0,2.138,8.109,0.986,0.0,0.0,0.381,0.0,0.0,0.0,0.0,3.176,0.0,0.0,0.257,0.8190000000000001,0.999999999971692
278,0.0,1.1520000000000001,0.0,0.0,0.0,0.9620000000000001,0.0,18.562,0.0,0.18100000000000002,0.643,0.0,0.8240000000000001,6.4239999999999995,0.0,0.0,0.36700000000000005,0.0,2.224,0.0,0.0,2.4,0.614,0.0,3.452,0.9520000000000001,0.405,0.9999999922341337
279,0.0,1.3619999999999999,0.0,0.0,0.0,2.181,2.224,30.014,0.805,0.0,0.757,0.0,25.233,32.671,6.7379999999999995,0.0,5.295,0.0,0.895,0.71,0.0,0.0,1.305,2.529,2.843,0.262,1.4140000000000001,0.9999999999985598
281,0.0,0.6709999999999999,0.0,0.0,0.5760000000000001,3.467,2.01,38.638000000000005,0.0,1.7480000000000002,0.0,0.0,3.052,7.276,0.805,0.0,0.0,0.0,0.695,0.0,0.0,0.0,0.8809999999999999,0.0,1.59,0.0,1.4669999999999999,0.9999999999996478
282,0.0,3.995,0.43799999999999994,0.0,1.11,1.081,2.271,27.233,0.848,0.971,0.0,0.8190000000000001,2.633,6.638,1.357,0.0,0.0,0.0,1.5519999999999998,0.9620000000000001,0.0,1.329,0.0,0.0,1.033,0.452,0.0,0.9999999999999154
283,0.0,0.0,0.0,0.0,1.0,3.576,18.866,29.528000000000002,0.0,0.667,0.0,1.505,52.038000000000004,44.49,1.4809999999999999,3.014,2.9810000000000003,0.0,0.0,0.5379999999999999,0.0,0.0,0.0,5.681,16.070999999999998,2.929,0.0,0.9999999999998039
284,0.419,0.0,0.348,0.0,1.89,3.29,10.424000000000001,33.704,0.0,0.0,0.0,0.524,0.71,7.433,1.7380000000000002,0.376,0.0,2.0709999999999997,0.638,0.0,3.4189999999999996,1.271,0.0,3.014,0.5329999999999999,1.162,0.0,0.9999999998197837
285,0.39,1.381,0.0,0.643,0.0,0.0,1.986,38.466,0.5670000000000001,0.0,2.381,0.0,12.057,8.262,0.0,0.0,1.271,0.5429999999999999,0.0,0.0,0.0,0.0,1.143,5.295,1.986,0.852,0.0,0.9999999999999714
286,1.157,6.952000000000001,0.0,0.743,1.595,0.51,0.0,36.576,0.0,0.0,0.0,0.0,2.971,8.576,0.0,0.0,1.676,0.0,1.224,1.871,0.0,0.0,1.067,3.19,4.419,0.0,1.057,0.999999999999954
287,0.0,0.0,0.0,0.0,0.0,2.786,1.014,29.5,0.0,0.0,0.0,0.0,6.652,18.505,2.0140000000000002,0.0,0.0,0.0,0.0,0.0,0.0,0.0,0.0,0.0,7.632999999999999,0.71,0.0,0.9999999999978215
288,0.0,0.5479999999999999,0.652,0.0,1.714,3.5380000000000003,5.167000000000001,19.824,0.0,0.44799999999999995,0.643,0.0,14.047,35.333,4.324,0.0,3.0,1.114,1.067,0.605,0.0,0.8190000000000001,0.633,5.848,17.343,2.69,0.0,0.9999999999999329
289,0.0,0.0,0.114,0.424,1.21,3.2569999999999997,10.838,29.243000000000002,0.0,0.0,0.0,0.0,5.676,9.648,0.0,0.0,0.0,0.0,1.69,0.0,0.0,0.0,1.1,0.0,1.443,0.419,0.0,0.9999999999999996
292,0.7759999999999999,0.0,0.0,0.0,0.0,0.0,0.35700000000000004,40.29,0.0,0.0,0.0,0.871,9.228,10.609000000000002,0.038,0.51,1.033,0.51,0.013999999999999999,0.0,0.8140000000000001,3.005,0.0,0.7290000000000001,0.805,0.0,0.0,0.9999999996432325
294,2.452,0.0,0.419,0.0,0.0,1.5759999999999998,2.0709999999999997,25.651999999999997,0.0,0.0,0.0,0.0,6.462000000000001,14.695,0.0,0.0,0.929,1.376,0.22399999999999998,0.0,1.271,0.0,0.0,0.0,3.195,0.848,0.0,0.9999999999999913
295,0.0,0.0,0.0,0.0,0.0,1.429,9.633,21.595,0.0,0.0,0.0,0.205,9.362,10.024,0.495,0.0,0.248,0.0,0.0,0.0,0.0,0.91,0.0,0.738,0.467,0.405,0.0,0.9999999999999987
296,0.0,0.69,0.0,0.0,0.0,2.5810000000000004,1.7,23.781,0.0,0.0,0.0,0.0,9.576,12.743,0.3,0.0,0.638,0.79,0.0,0.0,0.0,0.0,0.0,4.109,5.981,0.0,0.0,0.9999999999999682
297,1.729,1.224,0.0,0.0,0.0,4.729,12.3,24.281,0.0,0.0,0.0,1.652,12.081,20.585,1.8330000000000002,1.314,2.838,0.0,1.824,0.0,0.0,0.0,0.0,0.0,0.0,0.0,0.0,0.9999999999999456
298,0.0,0.0,0.0,0.0,0.0,0.0,6.524,22.557,0.0,0.324,0.99,0.0,10.5,9.4,1.943,0.0,3.2760000000000002,0.0,0.0,0.0,0.33299999999999996,0.0,0.562,0.0,1.7480000000000002,2.8569999999999998,0.0,0.9999999999999989
299,0.0,1.219,0.0,0.0,0.619,0.0,2.89,17.195,0.0,0.0,0.0,0.0,12.719000000000001,6.895,0.0,0.0,0.11900000000000001,0.29,0.0,0.0,0.47600000000000003,0.0,0.705,0.0,0.0,1.0190000000000001,1.114,0.9999999999977596
300,0.0,4.629,0.0,0.0,0.0,0.0,3.205,17.738,0.0,3.295,0.0,0.0,4.462,10.675999999999998,0.0,0.5479999999999999,0.762,0.852,0.667,0.11900000000000001,1.9669999999999999,0.271,0.0,0.433,0.0,0.0,0.914,0.9999999999764857
302,0.0,0.0,0.452,0.0,1.4709999999999999,0.0,7.233,22.024,0.062,0.0,0.0,0.0,23.875999999999998,42.2,4.033,3.133,3.9139999999999997,0.0,0.0,0.61,1.281,1.314,0.762,1.69,1.0759999999999998,0.0,0.0,0.9999999999949252
303,0.0,3.005,1.376,0.0,0.0,0.0,4.314,19.976,0.0,0.0,0.0,0.0,6.814,7.59,0.0,0.0,2.805,0.0,0.0,0.0,0.0,1.286,0.0,1.143,0.495,0.0,0.924,0.9999999999972313
308,0.0,6.157,0.0,0.0,0.0,2.343,7.409,30.871,0.0,0.0,0.0,0.33299999999999996,21.671,8.967,0.0,1.105,0.0,2.719,2.1,0.0,0.0,0.0,0.0,0.833,1.61,0.0,1.214,0.9999999999999882
309,4.729,1.695,2.109,2.6430000000000002,0.0,0.0,14.966,28.004,0.0,0.586,3.2,2.1430000000000002,26.943,70.018,2.59,5.852,0.924,1.429,0.0,0.0,0.0,0.2,1.39,2.414,0.0,0.0,0.0,0.9999992286391352
310,0.0,0.943,0.667,0.986,0.0,0.0,0.0,13.59,0.0,0.0,0.0,0.0,0.0,6.386,0.0,0.0,0.0,0.0,0.0,0.0,0.914,1.995,0.0,0.905,0.0,0.0,0.0,0.2811675325659513
311,0.0,0.0,0.0,0.0,0.0,0.0,0.0,12.809000000000001,0.59,0.0,1.419,0.0,1.219,7.276,0.0,0.0,0.0,0.0,0.0,0.0,0.013999999999999999,0.0,0.0,0.0,1.095,0.0,0.0,0.9999999492190151
312,0.0,0.0,0.0,0.39,1.224,0.0,0.43799999999999994,28.385,0.0,0.0,2.9,0.0,0.0,5.909,0.919,1.338,4.495,0.0,0.0,1.338,0.0,0.005,0.0,0.0,1.238,0.0,0.0,0.999998891624092
314,1.79,3.667,0.0,0.0,0.0,4.2,0.0,18.033,0.0,1.729,0.0,0.0,0.0,7.652,0.0,2.029,0.5710000000000001,0.0,0.0,0.0,0.0,0.01,0.0,0.7709999999999999,0.013999999999999999,1.405,0.905,0.9999999999605755
315,0.0,0.0,2.029,0.0,0.0,5.733,0.71,22.514,0.0,1.581,0.0,0.0,1.071,12.252,0.0,0.586,0.0,0.0,0.0,0.0,0.0,0.0,1.062,1.319,0.976,0.043,1.376,0.9999988348284274
316,0.0,0.0,0.0,0.0,0.7759999999999999,1.067,6.132999999999999,8.652000000000001,1.11,0.0,0.0,1.219,11.5,19.195,1.462,0.519,0.0,0.9570000000000001,0.0,0.5479999999999999,0.6859999999999999,0.0,0.0,0.529,1.4709999999999999,0.21,0.0,0.999999999690274
317,0.529,0.0,0.0,0.0,0.0,0.624,2.362,13.09,0.0,0.29,0.0,1.229,4.052,6.252000000000001,3.39,0.0,2.9,0.552,0.0,0.0,0.0,0.0,1.5430000000000001,1.6380000000000001,0.0,2.657,0.0,0.9999999999999909
318,1.2329999999999999,0.0,0.0,0.0,1.21,1.7380000000000002,3.248,26.346999999999998,0.0,0.0,1.0190000000000001,0.0,6.452000000000001,7.5089999999999995,0.0,2.6860000000000004,0.5479999999999999,0.69,0.0,0.0,2.1,1.719,1.395,2.424,0.657,0.0,1.4140000000000001,0.9999999999999989
320,0.0,1.338,0.0,2.452,1.829,0.0,5.281000000000001,26.719,0.0,0.0,0.0,0.0,6.186,11.419,2.638,0.0,0.0,0.6759999999999999,0.7240000000000001,0.0,0.0,0.0,0.7190000000000001,0.667,1.99,0.0,0.0,0.9999999999999272
321,3.6189999999999998,1.476,0.0,0.0,0.524,0.562,7.962000000000001,18.2,0.629,0.695,0.36200000000000004,0.0,13.652000000000001,14.457,0.0,0.43799999999999994,0.0,0.0,0.0,0.0,0.6,0.0,0.0,0.0,0.0,1.995,0.81,0.9999999999055875
322,5.09,0.705,0.0,0.0,0.0,1.7480000000000002,1.205,16.0,0.0,0.0,2.352,0.0,5.59,12.3,0.667,0.4,0.0,0.0,0.0,1.043,0.648,0.0,1.452,0.0,4.4239999999999995,0.33799999999999997,0.0,0.9999999999551221
323,0.0,2.7,0.0,0.624,0.47600000000000003,1.81,0.5329999999999999,7.862,0.0,0.0,0.0,0.0,6.7,10.519,0.0,0.0,0.348,0.0,0.0,0.0,1.3330000000000002,0.257,0.0,1.486,0.162,1.662,0.0,0.999999999995594
325,1.59,0.0,0.39,0.133,0.0,0.0,8.152000000000001,13.009,0.0,1.048,0.0,2.638,43.657,52.513999999999996,4.405,0.0,4.762,0.0,0.0,0.0,0.0,0.0,0.0,12.437999999999999,20.19,1.248,3.943,0.9999999999996272
326,0.0,0.7290000000000001,0.0,0.0,0.0,1.829,11.338,11.414000000000001,0.0,1.286,0.381,0.0,19.066,56.576,4.676,1.4140000000000001,0.0,1.081,0.0,0.49,0.0,1.181,0.0,1.043,1.176,11.880999999999998,0.0,0.9999999616977154
327,0.581,0.0,1.452,2.129,0.0,1.714,0.0,9.5,0.0,0.41,0.0,0.0,0.0,11.219000000000001,0.0,0.0,0.0,0.0,1.767,0.0,0.0,0.0,0.0,0.0,0.0,0.0,0.99,0.9743963979013027
328,0.0,2.614,1.9669999999999999,0.0,0.0,1.5190000000000001,0.0,12.081,0.0,0.0,0.0,0.0,5.381,14.880999999999998,0.924,0.0,0.433,0.8190000000000001,0.0,0.0,0.0,0.0,0.0,0.0,2.9189999999999996,0.7809999999999999,0.0,0.9999999999992837
329,0.0,3.2289999999999996,0.0,0.0,0.0,0.752,0.0,22.285,0.0,0.0,0.71,0.0,0.5760000000000001,6.886,1.033,0.0,0.0,0.0,0.0,0.0,1.248,0.0,0.0,0.348,1.357,1.114,0.0,0.9999999996423368
330,0.0,0.419,0.0,0.0,0.0,3.295,2.638,7.357,0.0,0.0,0.0,0.0,10.533,17.019000000000002,0.652,1.095,2.8089999999999997,1.214,0.0,0.638,0.0,0.795,0.919,0.0,0.995,0.0,0.0,0.9999999999999896
331,0.0,0.5379999999999999,0.0,0.0,2.124,2.733,0.0,16.052,0.0,0.0,0.486,0.0,2.305,9.613999999999999,1.695,2.5,3.062,1.0859999999999999,1.1,0.0,0.0,0.5429999999999999,0.0,0.743,3.2569999999999997,0.0,1.462,0.9999999999914657
332,0.0,0.0,2.176,1.719,0.0,0.414,3.8139999999999996,18.019000000000002,1.219,0.0,1.01,0.0,3.967,11.39,1.21,0.652,1.348,0.0,1.181,0.0,3.457,0.281,0.0,0.0,1.367,0.0,0.852,0.9999999999955858
333,1.348,0.0,0.0,0.0,0.0,0.0,0.424,23.147,0.0,0.35200000000000004,0.0,0.0,0.381,7.171,0.0,0.0,0.0,1.729,1.357,0.0,0.0,0.0,0.0,0.41,0.0,0.0,0.0,0.9999902711103427
334,0.0,0.0,3.0860000000000003,0.0,0.324,1.09,1.929,12.762,0.0,0.295,0.0,0.0,9.686,16.586,3.424,0.381,0.0,0.0,0.0,1.8619999999999999,0.0,0.44799999999999995,2.9330000000000003,2.714,0.0,4.095,1.395,0.9999999999933609
335,0.0,0.0,0.0,0.0,0.0,0.657,6.862,5.343,1.4240000000000002,0.9670000000000001,0.0,0.0,0.452,9.538,0.0,0.0,0.6,0.0,1.314,0.0,0.0,0.0,1.3430000000000002,0.9329999999999999,1.4809999999999999,0.21,0.867,0.999999999890844
336,0.0,1.262,0.0,0.0,4.119,3.214,3.386,14.59,0.0,1.5430000000000001,0.0,0.0,15.414000000000001,32.338,9.843,3.838,3.957,0.0,0.0,0.0,0.0,0.0,0.0,0.0,5.376,0.0,1.933,0.9999999999647384
337,0.0,0.0,0.8290000000000001,0.0,0.0,0.0,1.314,11.609000000000002,0.0,0.0,0.0,0.0,1.857,5.867000000000001,0.0,0.038,0.462,0.0,0.0,0.0,0.0,0.0,0.21899999999999997,0.0,0.0,0.0,0.0,0.9999999905002254
338,0.6859999999999999,0.0,0.0,0.0,0.0,5.452000000000001,0.9329999999999999,21.070999999999998,0.0,0.5429999999999999,0.0,0.414,0.0,6.571000000000001,0.0,0.0,0.0,0.0,0.0,0.0,0.0,0.0,0.0,0.17600000000000002,0.0,1.071,0.0,0.9999999997200182
339,0.0,1.4809999999999999,0.0,0.505,1.052,0.47100000000000003,0.17600000000000002,20.39,0.0,0.0,0.0,0.5479999999999999,0.0,17.757,0.0,0.0,0.0,0.0,0.0,1.4380000000000002,3.1430000000000002,1.795,0.8240000000000001,0.0,0.867,0.0,0.976,0.0016371655769495729
340,0.0,0.0,1.729,1.486,0.0,1.162,3.2710000000000004,22.576,0.0,0.0,0.0,0.0,13.038,20.557,0.0,2.886,2.7430000000000003,0.0,0.495,0.0,0.0,0.0,0.0,0.267,3.6189999999999998,0.6709999999999999,1.714,0.9999999999999978
341,3.071,0.0,0.0,0.0,0.0,0.552,1.61,24.1,0.0,0.0,1.295,0.0,4.7860000000000005,11.585999999999999,0.0,0.0,0.0,0.0,0.0,0.0,0.0,0.0,0.0,0.0,1.1520000000000001,0.0,0.429,0.9999999999993514
342,0.0,1.395,0.7190000000000001,0.0,1.033,1.4240000000000002,8.642999999999999,21.843000000000004,0.0,0.0,1.219,0.0,5.667000000000001,28.552,0.0,0.257,1.848,0.0,0.5479999999999999,0.0,0.0,0.0,0.0,4.757,0.433,1.5190000000000001,0.0,0.9999999999771769
343,0.9329999999999999,0.0,0.648,0.0,0.0,0.0,0.17600000000000002,9.427999999999999,0.0,0.0,0.0,0.0,12.085999999999999,34.204,0.419,0.0,0.557,0.0,0.23800000000000002,0.0,0.2,1.1,0.0,4.971,5.271,1.976,0.0,0.9999999600357523
344,0.0,3.009,0.805,0.0,0.0,2.076,0.1,26.962,0.0,0.0,0.6859999999999999,0.0,0.0,5.881,0.0,0.0,0.562,0.0,0.0,1.929,0.8290000000000001,0.0,0.0,0.924,0.32899999999999996,0.648,0.0,0.9999999958152801
345,0.0,0.867,0.0,0.0,1.4669999999999999,5.409,0.0,12.933,0.0,0.0,0.295,0.0,0.0,8.748,0.0,1.614,0.0,0.35200000000000004,0.0,0.79,2.286,0.0,0.0,2.2430000000000003,2.781,0.0,0.0,0.9999999937148929
346,0.0,0.7240000000000001,0.028999999999999998,0.0,0.0,1.219,9.927999999999999,11.276,0.0,0.0,0.0,0.0,2.924,8.719,0.7759999999999999,0.733,0.0,0.519,0.0,0.0,0.738,0.0,0.0,0.0,0.7140000000000001,1.39,0.0,0.9999999999998683
348,1.21,1.095,1.2429999999999999,0.0,1.0759999999999998,1.695,0.9670000000000001,25.119,0.0,0.0,1.11,0.0,4.109,31.009,6.062,0.852,1.114,0.0,0.0,0.0,1.338,0.0,0.667,3.6860000000000004,0.976,0.0,0.0,0.9999988257925
350,0.0,1.105,0.0,0.0,0.0,3.7289999999999996,0.0,16.5,0.0,0.0,0.0,0.0,4.476,6.767,0.0,1.133,0.662,0.6,0.0,0.0,0.9520000000000001,0.0,0.0,0.0,1.229,0.0,0.0,0.9999999999998412
352,0.0,1.052,0.0,0.0,0.386,1.757,15.652000000000001,17.819000000000003,0.0,0.0,0.0,0.5710000000000001,33.251999999999995,66.056,11.833,1.7,5.062,1.238,0.0,2.495,1.781,0.0,1.181,2.9810000000000003,0.757,5.081,0.633,0.999999999998735
353,0.0,0.0,0.0,0.0,0.0,1.452,0.276,14.409,1.8519999999999999,0.0,0.0,0.0,4.257,6.4,1.476,0.0,0.9570000000000001,0.0,0.0,0.433,1.052,0.557,0.0,2.7239999999999998,0.0,0.895,1.524,0.9999999999599161
355,0.0,0.0,0.0,0.0,1.5519999999999998,0.32899999999999996,2.0140000000000002,23.371,0.0,0.0,0.0,0.0,6.562,9.352,0.019,1.2329999999999999,2.9,0.0,0.44799999999999995,2.176,0.0,0.0,0.0,0.0,0.9670000000000001,0.36200000000000004,0.0,0.9999999999999998
356,0.0,0.0,0.0,0.767,1.49,0.0,0.49,19.752,0.0,0.0,0.971,0.0,2.019,12.0,0.0,0.376,0.0,0.0,0.271,0.0,0.938,0.0,0.0,0.0,1.005,1.5190000000000001,1.2429999999999999,0.9999990222125292
357,0.0,0.0,0.0,0.0,0.0,1.148,1.662,11.462,0.0,0.405,0.0,0.0,5.971,6.357,0.0,0.0,0.262,0.562,0.0,0.0,0.748,0.0,0.0,0.0,0.0,2.852,0.8190000000000001,0.9999999999999962
358,0.0,0.0,0.0,0.0,0.995,2.062,4.843,3.886,0.5760000000000001,0.0,0.0,0.9670000000000001,4.29,6.9239999999999995,0.0,1.31,0.371,0.0,0.0,0.0,0.18100000000000002,0.5479999999999999,0.529,13.309000000000001,8.857000000000001,1.419,0.59,1.0
360,0.0,1.671,1.99,0.028999999999999998,0.0,0.0,0.843,10.686,0.0,0.0,0.0,0.586,5.0760000000000005,7.862,0.124,0.0,0.0,0.0,1.19,0.0,0.0,0.0,1.229,0.0,0.18100000000000002,0.39,0.0,0.999999999904283
361,2.5,2.295,0.0,1.4240000000000002,2.7,2.524,4.405,7.709,3.176,0.0,0.0,0.0,8.686,19.905,5.181,0.643,0.0,0.0,0.0,0.0,1.443,0.0,0.0,1.4809999999999999,1.067,2.338,0.0,0.9999999999964388
362,0.0,0.914,1.676,0.0,0.0,1.929,0.0,22.409000000000002,2.0709999999999997,0.16699999999999998,1.881,0.0,0.386,10.624,0.114,1.148,0.0,0.0,0.0,1.09,1.0290000000000001,0.0,0.0,1.324,0.8190000000000001,2.295,0.0,0.9999897929472791
363,0.0,2.295,0.0,0.0,0.0,0.129,0.0,18.952,0.0,0.0,3.1430000000000002,0.0,6.071000000000001,8.762,0.919,0.595,0.0,0.0,0.0,0.0,0.0,1.871,0.0,0.0,0.0,1.014,0.0,0.9999999996676725
364,0.0,1.081,0.005,0.0,3.5669999999999997,2.329,0.9570000000000001,14.585999999999999,1.0759999999999998,0.843,0.0,0.69,4.348,5.876,1.1,0.0,0.0,0.0,0.0,0.162,0.486,0.757,0.0,2.043,1.486,0.0,0.0,0.9999999956258507
365,1.095,1.819,0.705,0.0,0.0,2.5140000000000002,22.138,10.805,0.371,0.233,0.0,0.0,27.138,31.447,2.7710000000000004,5.486000000000001,2.495,1.419,0.0,0.0,0.0,1.067,0.0,1.629,0.0,0.8859999999999999,0.0,0.9999999999999662
366,0.348,1.1520000000000001,0.0,0.0,0.4,2.305,2.405,15.109000000000002,1.486,0.013999999999999999,0.0,0.0,19.980999999999998,31.128,0.0,1.3430000000000002,0.0,0.0,0.0,0.0,1.19,1.038,0.0,5.4239999999999995,11.424000000000001,7.718999999999999,0.5429999999999999,0.9999999997714519
367,1.5,1.162,0.0,0.024,0.0,2.819,0.61,11.343,0.0,0.0,0.69,0.0,1.557,7.638,1.71,0.0,0.0,0.35200000000000004,0.0,0.0,0.233,0.624,0.0,0.0,2.305,0.0,0.0,0.9999996344948433
368,0.0,0.7809999999999999,1.124,0.0,0.0,1.21,0.6859999999999999,8.662,0.0,0.0,0.6809999999999999,0.0,0.0,7.4,0.0,1.148,0.0,0.0,0.629,0.0,2.576,0.0,0.0,2.052,0.0,0.0,0.0,0.6793940194740109
369,3.452,0.0,0.0,0.0,0.0,3.1519999999999997,2.448,10.133,0.0,0.0,0.0,0.0,4.676,9.533,0.5329999999999999,0.0,0.0,0.59,0.0,0.0,0.0,0.0,0.0,0.0,0.0,0.0,0.0,0.9999999999999185
370,1.043,3.071,0.071,0.7290000000000001,0.0,1.5430000000000001,1.51,17.719,0.0,0.0,0.0,0.395,1.09,9.419,1.19,0.0,0.0,0.0,0.0,0.0,1.824,0.9,0.0,0.0,1.176,0.667,0.71,0.9999999999773346
371,0.31,0.0,0.0,0.0,0.44299999999999995,0.0,0.0,17.838,0.0,0.0,0.0,0.0,0.638,9.462,1.11,1.881,0.0,0.871,1.6,1.8430000000000002,0.0,0.514,0.0,0.0,0.0,2.352,0.0,0.999999723425714
372,0.0,0.0,0.0,0.0,0.0,0.319,0.0,15.519,0.0,0.0,0.0,0.0,0.995,6.624,1.6480000000000001,2.6,0.0,1.043,0.0,0.0,0.0,0.614,0.0,1.676,1.9480000000000002,0.0,1.571,0.9999999968694195
373,0.0,2.8139999999999996,0.0,0.281,0.0,2.967,4.324,54.36600000000001,0.0,0.0,0.0,0.0,6.132999999999999,9.314,2.133,1.238,0.643,0.0,0.071,0.0,0.743,0.633,0.5329999999999999,0.22899999999999998,3.0860000000000003,0.0,0.0,0.9999999999999996
374,0.0,2.505,1.31,1.2429999999999999,0.0,1.671,10.481,12.009,0.0,0.0,0.0,0.0,23.156999999999996,20.1,1.9809999999999999,0.0,2.519,1.652,0.929,0.0,0.938,0.0,0.0,0.0,1.081,1.162,0.0,0.9999999999999729
375,0.0,1.01,2.048,0.0,0.44799999999999995,3.3139999999999996,5.033,14.024000000000001,0.376,0.0,2.005,0.0,22.766,22.99,2.309,3.486,1.3,0.0,0.0,0.0,0.433,0.638,0.0,0.0,1.8330000000000002,0.0,0.0,0.9999999999999032
376,0.419,0.0,0.0,0.0,0.0,0.0,0.0,21.252,0.0,0.0,0.0,0.0,0.0,6.2379999999999995,0.0,2.105,0.0,0.0,0.0,0.0,0.0,2.4330000000000003,0.0,1.614,0.0,0.767,1.162,0.9999991966041699
377,4.162,1.138,1.014,1.538,0.0,4.167,0.867,10.148,0.0,0.0,0.0,0.0,1.7619999999999998,6.119,0.0,0.0,1.3430000000000002,0.0,0.0,0.205,0.862,0.0,0.0,1.567,3.205,0.0,0.0,0.9999999998535467
380,0.0,0.0,2.657,0.0,0.79,0.0,1.038,19.795,0.0,0.47100000000000003,0.0,0.0,20.433,10.419,0.0,0.0,1.614,0.0,0.0,3.986,1.238,0.0,0.0,0.0,0.47600000000000003,0.0,0.0,0.9999999913166681
381,0.0,0.838,0.0,0.0,0.0,3.448,14.824000000000002,10.633,0.0,0.0,1.5330000000000001,0.414,13.870999999999999,30.480999999999998,6.152,0.971,2.114,0.0,4.79,0.0,0.067,2.952,0.0,0.519,0.0,2.195,0.0,0.9999999999969909
382,1.4240000000000002,0.99,0.0,0.35700000000000004,0.0,5.537999999999999,0.0,19.771,0.0,0.0,0.0,0.0,3.886,11.752,1.5330000000000001,0.0,0.7859999999999999,0.0,0.47100000000000003,0.0,0.0,0.0,0.0,0.8,1.176,0.32899999999999996,0.01,0.9999999999996079
383,0.0,0.0,0.0,0.9,0.833,0.0,0.0,15.457,0.0,0.752,1.21,0.0,2.048,5.971,0.0,0.0,0.314,0.0,0.733,1.452,0.0,0.0,0.0,0.35700000000000004,0.0,0.7,2.4090000000000003,0.9999999999871303
384,0.0,1.052,0.0,0.324,0.0,2.381,0.0,15.147,0.0,0.0,0.0,0.0,2.924,14.105,2.138,0.8140000000000001,0.0,0.9329999999999999,0.0,0.0,0.667,0.419,0.0,0.0,2.6430000000000002,0.0,0.057,0.999999873340927
385,0.0,0.805,0.838,2.476,0.762,0.586,0.0,3.6189999999999998,0.0,0.0,0.0,0.0,1.3330000000000002,5.928999999999999,1.9709999999999999,1.405,1.571,0.0,0.0,0.8,0.0,0.0,0.0,0.0,0.0,0.6809999999999999,0.0,0.9999999941372668
386,1.281,0.81,0.41,1.176,0.0,5.095,1.871,7.605,0.69,0.0,1.081,0.738,13.824000000000002,7.195,1.0290000000000001,0.0,0.0,0.462,0.8809999999999999,0.0,0.0,0.18100000000000002,0.0,0.462,2.157,0.0,0.47100000000000003,0.9999999999996316
388,0.0,3.233,0.0,0.0,0.643,0.0,0.8809999999999999,11.414000000000001,0.0,0.0,0.0,0.0,29.671,25.471,1.524,7.309,1.0290000000000001,0.0,0.0,0.0,0.0,0.433,0.0,0.0,0.0,0.614,0.9329999999999999,0.9999999999911215
389,0.0,0.0,0.0,0.0,0.0,0.0,12.780999999999999,15.447000000000001,1.2670000000000001,0.0,0.0,0.028999999999999998,4.705,15.652000000000001,1.057,0.0,2.562,1.786,1.495,0.552,1.61,0.0,1.133,1.329,0.7240000000000001,2.8139999999999996,0.0,0.999999999999778
390,0.0,2.633,0.0,0.0,0.0,0.0,4.671,10.924000000000001,0.0,0.0,0.0,0.0,4.7330000000000005,12.395,1.4709999999999999,0.0,0.0,0.0,0.0,0.0,0.0,0.0,2.0140000000000002,0.0,1.929,0.0,0.871,0.999999999999821
391,0.0,0.0,0.0,0.0,0.33799999999999997,2.048,5.476,8.471,0.0,0.0,0.0,0.0,18.033,21.724,3.952,0.762,1.2,0.8759999999999999,0.0,0.657,0.0,0.0,0.024,0.629,1.0290000000000001,4.795,0.0,0.9999999999999991
392,0.8859999999999999,1.4569999999999999,0.0,0.8759999999999999,0.0,1.476,5.276,6.357,0.0,0.0,0.0,0.0,1.976,6.686,3.543,0.0,0.028999999999999998,0.0,0.0,0.429,2.181,0.638,1.2670000000000001,0.0,1.4569999999999999,0.9329999999999999,0.0,0.9999999999999811
394,0.743,0.0,0.0,0.34299999999999997,0.0,2.957,11.642999999999999,14.324000000000002,0.0,0.0,0.0,0.0,9.142999999999999,23.519000000000002,2.533,0.0,0.514,0.276,0.0,0.0,0.0,0.052000000000000005,0.0,0.252,0.838,0.457,0.33799999999999997,0.9999999999999993
395,0.0,5.547999999999999,1.1,0.0,0.0,1.105,3.057,22.819000000000003,0.486,1.5519999999999998,0.0,1.248,4.843,7.881,0.0,0.0,0.5379999999999999,0.0,0.0,0.0,0.9570000000000001,0.0,0.0,0.0,3.638,5.409,0.0,0.9999999999999305
396,0.0,3.49,0.8809999999999999,0.0,0.0,2.909,3.5860000000000003,17.057000000000002,0.9520000000000001,0.0,0.59,0.0,19.676,29.076,0.0,3.6860000000000004,1.71,1.829,1.919,0.0,0.0,0.0,0.0,1.252,1.51,2.6519999999999997,0.0,0.9999999999999976
398,0.0,1.1,0.0,0.0,1.881,0.262,0.0,7.962000000000001,0.0,0.0,0.0,0.0,2.048,7.381,0.0,0.0,0.0,0.0,0.0,0.0,0.0,0.0,1.5430000000000001,0.867,0.757,0.0,1.024,0.9999999946117171
399,1.714,0.0,1.5759999999999998,1.5619999999999998,2.9619999999999997,1.3519999999999999,0.0,11.833,0.0,0.0,0.0,0.0,8.767000000000001,13.247,0.0,2.219,0.0,0.0,0.0,0.0,1.3519999999999999,0.662,0.0,1.038,1.8619999999999999,0.0,0.0,0.9999999618456888
400,0.0,0.0,0.0,0.0,0.795,2.448,1.976,5.676,0.0,0.0,0.0,1.105,10.505,23.843000000000004,6.862,2.9189999999999996,1.61,0.0,0.0,0.0,2.129,0.0,0.062,0.0,1.89,0.0,0.0,0.9999999999990044
402,0.0,0.0,0.8,0.5329999999999999,0.0,0.59,6.129,12.605,0.0,0.0,0.0,0.857,30.923000000000002,45.685,6.105,2.3569999999999998,5.632999999999999,0.195,0.0,0.0,0.0,0.0,0.0,0.0,0.0,0.905,0.0,0.9999999999973304
404,0.0,0.0,2.443,0.495,0.0,2.9139999999999997,20.752,2.89,0.057,0.0,1.095,0.0,44.013999999999996,62.20399999999999,6.067,3.0189999999999997,6.9239999999999995,0.0,0.429,0.395,0.924,0.557,0.0,2.8710000000000004,5.832999999999999,1.224,0.395,0.9999999999927083
405,0.0,0.0,0.643,1.19,0.0,2.971,10.148,7.809,0.748,3.162,0.495,0.486,21.366,46.303999999999995,7.09,4.933,0.524,1.186,0.0,1.395,0.0,0.0,0.0,0.0,1.9380000000000002,1.605,1.3,0.9999999999508526
406,0.0,0.248,0.0,0.0,0.0,0.0,4.5,13.767000000000001,0.0,0.0,0.0,0.0,7.047999999999999,18.257,0.5329999999999999,0.619,0.81,0.0,1.0,0.0,0.248,1.305,1.6669999999999998,0.514,0.0,1.61,0.0,0.9999999999998297
407,0.0,0.0,0.0,1.614,0.0,1.419,2.4619999999999997,9.952,0.0,0.0,0.0,0.0,2.7569999999999997,14.033,1.048,2.186,4.2,0.0,0.0,0.0,0.9570000000000001,0.0,0.0,3.767,1.781,0.0,0.0,0.9999999999862312
408,0.0,1.619,0.0,0.0,0.005,8.852,0.514,15.724,0.0,0.0,0.0,0.0,13.133,15.0,0.0,0.0,0.0,1.39,0.0,0.0,0.0,0.4,0.0,0.0,0.0,0.867,0.0,0.9999999983485122
409,1.4709999999999999,0.0,0.943,0.0,2.09,1.6480000000000001,2.329,8.062000000000001,0.0,0.0,0.529,2.024,18.505,25.462,5.643,0.0,2.6189999999999998,0.8140000000000001,0.0,0.0,0.0,0.0,0.0,0.0,1.962,1.686,0.0,0.9999999999999942
410,0.0,0.0,0.0,0.0,1.41,1.695,0.0,21.766,0.6709999999999999,1.7519999999999998,0.0,0.0,1.462,6.619,0.0,0.0,0.0,0.843,0.8759999999999999,0.0,0.0,0.257,0.61,0.0,0.0,10.619000000000002,3.552,0.9999999999971778
411,0.0,0.0,0.0,0.7809999999999999,0.0,0.0,2.309,4.329,0.0,0.0,1.829,0.0,14.262,16.79,4.476,0.667,1.81,0.0,0.0,0.0,0.0,0.0,0.0,1.2670000000000001,0.5760000000000001,4.167,0.0,0.9999999999999833
412,1.071,4.957,0.2,0.0,0.419,0.0,0.39,5.005,0.0,0.0,0.0,0.0,0.81,13.252,0.0,0.0,0.519,0.981,0.0,0.0,0.0,1.5,0.0,0.943,1.5,0.0,0.0,0.9999965931223495
413,0.0,0.0,0.433,0.0,0.0,1.1520000000000001,0.867,6.195,0.0,0.0,0.0,0.0,6.0329999999999995,8.014,1.89,0.9670000000000001,3.2710000000000004,0.0,0.0,0.0,0.0,0.0,0.7190000000000001,0.0,1.0,0.0,1.3,0.9999999999983853
414,1.919,2.69,0.0,0.0,0.0,3.3569999999999998,1.224,5.695,0.8,0.0,0.0,0.0,9.408999999999999,16.4,1.9140000000000001,2.062,0.614,1.714,0.0,0.0,0.0,0.0,0.8,0.0,4.757,0.0,2.219,0.9999999999999887
415,0.0,0.0,0.0,0.0,0.0,5.909,0.0,8.471,0.0,0.0,0.457,0.0,1.4669999999999999,16.5,3.824,0.862,0.0,0.267,1.162,0.0,1.214,1.4480000000000002,0.0,0.0,0.0,0.0,1.31,0.9991359640631166
416,0.0,0.0,0.0,0.0,3.181,6.605,0.0,13.762,0.0,0.257,0.0,0.0,5.247999999999999,9.328,0.0,1.338,0.0,0.0,0.0,1.376,0.0,0.205,0.0,0.0,0.429,0.18600000000000003,2.5669999999999997,0.9999999999979137
418,0.0,0.0,0.924,0.0,0.0,1.195,4.486000000000001,14.238,0.0,0.0,0.0,1.219,1.376,7.862,0.0,0.0,1.071,0.319,0.0,0.0,0.0,2.129,0.0,1.271,3.9760000000000004,0.0,0.7140000000000001,0.9999999998280489
419,0.0,0.0,0.0,0.733,0.0,0.0,1.89,15.295,0.0,0.0,1.0759999999999998,0.0,5.181,7.171,0.0,0.0,0.0,0.0,0.395,0.0,0.0,0.557,0.0,0.0,0.805,0.0,0.0,0.9999999999999996
421,2.181,0.0,0.0,0.0,1.057,1.433,18.49,12.814,0.0,1.052,0.0,1.5430000000000001,10.167,23.885,0.9570000000000001,0.0,0.638,0.0,0.581,0.752,0.0,0.0,0.0,1.0759999999999998,0.381,0.0,0.0,0.9999999999997495
422,1.524,0.0,0.0,1.052,0.0,4.238,2.448,5.7379999999999995,0.0,0.0,0.943,0.0,0.33299999999999996,13.443,3.8810000000000002,0.0,0.0,0.0,0.0,0.381,1.9809999999999999,0.0,0.667,1.705,0.762,3.7569999999999997,0.8190000000000001,0.9999999997013678
423,0.0,2.376,0.0,0.0,0.986,0.414,0.0,4.462,0.0,2.386,1.081,0.0,9.39,9.786,1.4,0.7,0.0,0.0,0.0,0.0,0.0,0.0,0.0,0.0,0.0,0.0,1.381,0.9999999644867043
426,0.7809999999999999,13.686,0.0,0.0,0.0,0.0,9.395,7.733,0.0,0.0,0.5760000000000001,0.0,13.624,9.99,8.0,0.0,0.0,0.34299999999999997,0.0,0.0,0.0,1.214,0.0,12.071,9.962,2.095,0.857,0.9999999999999998
427,0.0,2.086,0.0,0.0,1.4809999999999999,1.4669999999999999,1.162,6.0089999999999995,0.0,0.0,0.0,0.0,0.0,5.895,0.6709999999999999,0.0,0.0,0.0,0.0,0.0,0.0,4.086,0.0,1.286,0.7809999999999999,0.33299999999999996,0.0,0.9999999993600248
428,1.5430000000000001,0.0,0.0,1.0859999999999999,0.0,3.2760000000000002,0.0,7.5,0.0,0.0,0.48100000000000004,0.0,3.59,10.609000000000002,0.0,0.7709999999999999,0.805,1.39,0.0,0.0,0.0,0.0,0.89,1.59,0.0,1.99,0.0,0.9999999997978046
429,0.31,0.0,0.0,0.0,0.0,0.79,0.0,8.157,0.0,0.695,0.0,0.9570000000000001,0.152,8.024,0.9620000000000001,0.0,1.129,0.595,0.0,0.0,0.595,0.0,0.924,1.871,0.0,0.314,1.524,0.9999931077154217
430,1.2670000000000001,0.0,1.2670000000000001,0.0,0.0,3.052,3.424,7.567,0.0,0.0,0.0,2.019,1.9,13.052,1.69,0.524,0.0,0.743,0.0,0.0,0.0,0.0,0.162,3.281,2.338,0.0,0.0,0.9999999999286491
431,0.0,5.233,0.0,0.41,0.0,0.0,7.233,6.2860000000000005,0.0,0.586,0.643,0.0,8.186,12.481,1.052,0.0,1.757,0.0,1.681,1.39,0.0,0.0,0.0,1.114,0.48100000000000004,1.79,0.0,0.999999999999982
432,0.0,1.629,0.976,0.0,0.0,0.0,0.0,9.167,0.0,0.0,0.0,0.0,0.005,6.013999999999999,0.0,0.0,1.933,0.0,0.0,0.0,0.0,0.0,1.829,0.376,0.919,0.35700000000000004,0.0,0.999999096020785
433,0.0,3.509,0.0,0.0,0.0,0.924,4.738,13.738,1.514,0.0,0.414,1.371,2.324,6.505,2.9760000000000004,0.0,0.16699999999999998,1.838,0.0,0.0,0.0,0.7759999999999999,0.0,1.595,0.7190000000000001,0.562,0.0,0.9999999999994613
434,0.0,0.0,1.4569999999999999,0.0,0.0,0.0,7.062,4.981,0.0,0.0,1.548,0.0,15.828,15.966,1.295,0.838,1.014,0.8,0.0,0.0,0.0,0.838,0.0,6.705,3.786,0.0,0.71,0.9999999999998224
437,1.443,0.0,0.0,0.0,0.0,1.395,3.238,6.995,0.0,0.0,0.0,0.0,5.2,11.152000000000001,2.7239999999999998,1.29,1.5859999999999999,1.41,0.0,0.0,0.614,0.0,1.0190000000000001,0.0,0.0,1.1520000000000001,0.767,0.9999999999999962
438,3.452,1.252,0.8190000000000001,0.0,0.0,0.0,4.371,2.543,0.0,0.495,0.033,0.61,3.4,7.781000000000001,0.0,0.0,0.0,0.0,1.033,2.781,1.0290000000000001,0.0,0.0,0.605,1.052,1.405,0.0,0.9999999999999543
439,0.0,0.0,0.0,0.0,0.0,2.181,0.8809999999999999,13.081,0.0,0.0,0.0,0.0,5.095,6.5760000000000005,2.405,1.829,0.095,0.0,0.0,0.9620000000000001,0.0,1.252,0.0,0.0,0.0,0.5379999999999999,0.929,0.9999999999999629
440,2.543,0.005,0.0,0.34299999999999997,0.948,1.7519999999999998,0.0,7.767,1.4480000000000002,0.6809999999999999,0.0,0.0,0.0,6.352,0.0,0.0,0.838,0.838,1.724,0.0,0.0,0.0,0.633,0.0,0.0,0.0,0.0,0.9999996553223243
441,0.0,0.0,0.0,0.843,0.0,1.176,3.3810000000000002,6.181,0.0,0.0,0.0,0.0,9.786,16.524,2.519,1.038,0.51,3.3,1.31,1.505,0.0,0.0,0.0,2.209,0.0,0.0,1.0290000000000001,0.999999999999236
442,2.252,1.057,2.095,0.0,0.648,0.5,4.362,3.7,0.0,0.44299999999999995,1.224,0.0,22.628,32.49,4.229,1.805,2.69,0.386,0.519,1.79,1.69,0.633,0.0,1.643,2.862,0.0,0.0,0.9999999999914049
443,2.852,0.18600000000000003,0.7190000000000001,0.39,0.757,0.0,16.570999999999998,7.547999999999999,0.5670000000000001,1.433,0.0,0.524,33.604,27.604,9.214,0.0,1.19,0.0,0.0,0.0,2.819,0.0,0.0,2.271,10.662,0.0,0.0,0.9999999999992715
445,0.0,0.752,0.0,0.652,0.36200000000000004,5.395,0.0,7.013999999999999,0.0,0.0,1.5759999999999998,0.0,4.052,6.586,0.0,2.395,3.438,0.867,0.0,0.0,0.005,0.452,0.462,0.929,4.2,0.0,0.0,0.9999999999912106
446,0.0,0.0,0.0,0.0,0.0,0.0,0.0,14.2,0.0,1.005,1.3519999999999999,0.2,15.043,14.243,6.7,1.943,0.376,0.0,0.0,0.0,0.0,0.7709999999999999,0.51,3.9760000000000004,1.681,0.976,0.0,0.9999999999988318
447,0.5760000000000001,0.0,0.47600000000000003,1.548,1.2429999999999999,3.0380000000000003,0.495,5.348,1.857,0.0,1.057,0.7,0.8809999999999999,6.409,0.0,0.0,0.605,0.71,0.848,0.8140000000000001,2.367,0.838,2.824,0.0,0.748,2.495,0.0,0.9999999987829957
448,0.0,0.44299999999999995,0.0,1.124,0.0,1.0290000000000001,7.513999999999999,11.624,0.8240000000000001,0.0,0.0,0.0,0.7190000000000001,7.105,0.0,1.419,0.0,0.0,0.0,0.0,0.0,4.229,0.0,2.4090000000000003,2.305,0.0,0.0,0.9999999999103333
449,0.867,1.214,0.0,0.0,0.0,0.0,5.271,3.1519999999999997,0.0,0.5329999999999999,0.0,0.0,3.367,7.124,2.529,0.0,0.0,0.0,0.7,0.0,0.5670000000000001,0.0,0.0,0.6809999999999999,3.6710000000000003,2.19,0.0,0.999999999999968
450,0.0,0.01,0.0,0.0,0.0,1.4569999999999999,0.871,8.786,0.8290000000000001,0.0,0.0,0.0,1.157,5.857,0.0,0.0,2.338,0.0,0.733,0.28600000000000003,0.0,0.0,1.067,2.8,0.0,2.033,0.0,0.9999999977662961
451,0.0,1.5859999999999999,0.0,0.529,0.0,1.9240000000000002,2.414,24.2,0.0,0.0,0.0,0.905,0.0,11.557,0.0,0.0,0.7140000000000001,0.0,0.0,1.962,0.0,0.0,0.0,0.0,2.7,0.0,0.162,0.9999999607981997
452,0.0,0.0,0.619,1.2,0.0,1.01,17.252,7.881,0.19,0.0,0.0,0.99,6.148,22.771,5.462000000000001,3.3760000000000003,0.0,0.0,0.0,0.9570000000000001,0.862,0.6809999999999999,0.0,0.943,0.0,0.0,0.0,0.9999999999922102
454,0.0,2.138,1.9709999999999999,0.0,0.36200000000000004,0.0,14.119000000000002,10.181000000000001,0.0,0.0,1.724,0.61,12.970999999999998,14.324000000000002,3.2569999999999997,1.871,0.795,0.0,1.9480000000000002,0.0,1.3,1.71,0.0,3.238,1.4669999999999999,0.0,0.0,0.9999999999993807
456,1.005,0.0,0.0,2.843,0.0,0.733,0.0,7.49,0.667,0.0,0.0,0.024,0.0,6.081,0.0,0.457,1.129,0.0,0.0,0.0,1.31,0.0,1.357,2.209,0.943,0.0,0.0,0.9999999999376996
457,1.6,0.805,3.786,0.0,0.0,1.043,1.367,0.22899999999999998,0.0,0.0,0.8190000000000001,0.0,3.49,6.2860000000000005,1.386,0.0,3.286,0.0,0.0,0.0,0.0,3.529,0.0,0.0,2.681,0.0,0.667,0.9999999999891289
459,1.571,0.0,0.0,0.0,0.0,1.49,0.22899999999999998,4.3,0.0,0.0,1.452,0.619,0.0,6.132999999999999,0.071,0.0,0.0,0.0,0.5329999999999999,0.871,0.8809999999999999,0.0,1.205,0.324,3.3089999999999997,0.5329999999999999,0.743,0.999999993210438
